date,model_category,environment,model_variant_id,position_goals,velocity_goals,goal_dist,distance_reward,goal_importance,eval/walltime,training/sps,training/walltime,training/entropy_loss,training/policy_loss,training/total_loss,training/v_loss,eval/episode_cumulative_final_goal_dist,eval/episode_cumulative_return,eval/episode_goal_dist,eval/episode_goals_reached,eval/episode_is_unhealthy,eval/episode_reward,eval/episode_weight,eval/avg_episode_length,eval/epoch_eval_time,eval/sps,low_level_modelpath,reward_type,task_information,reward_movement,action_repeat,eval/episode_obstacles_complete,eval/episode_task_complete,mid_level_modelpath,eval/episode_distance_to_end,eval/episode_maze_column,eval/episode_maze_row
08/22 00:38:54.195640,gaps,flat,0,,,,,,756.0448942184448,12930.161007319897,4176.674150466919,0.0039103003,-0.0034633754,2377.7207,2377.72,,,,,1.0000 ± 0.0000,311.4164 ± 90.0077,,148.0625 ± 74.0286,17.572129487991333,10926.39341926153,,dense,True,,,6.2109 ± 1.9310,0.0000 ± 0.0000,,,,
08/22 00:38:54.054228,gaps,flat,1,,,,,,751.7392752170563,12913.889180505708,4178.520598888397,0.0028553852,-0.0051160636,4395.54,4395.543,,,,,1.0000 ± 0.0000,437.6497 ± 185.2616,,222.0781 ± 85.4980,17.528358221054077,10953.678466553725,,dense,False,,,8.9141 ± 3.7313,0.0000 ± 0.0000,,,,
08/22 00:38:54.624176,gaps,flat,2,,,,,,750.628000497818,12905.22021959084,4179.457790136337,0.015092276,-0.0025434168,0.013936459,0.0013876004,,,,,0.0000 ± 0.0000,0.0000 ± 0.0000,,1500.0000 ± 0.0000,17.51051425933838,10964.840732624752,,sparse,True,,,0.0000 ± 0.0000,0.0000 ± 0.0000,,,,
08/22 00:38:44.495008,gaps,flat,3,,,,,,683.3741748332977,19335.646245665146,2816.029419183731,-0.020935763,-0.0052987463,-0.020669855,0.005564653,,,,,0.0000 ± 0.0000,0.0000 ± 0.0000,,1500.0000 ± 0.0000,15.52452039718628,12367.531819842807,,sparse,False,,,0.0000 ± 0.0000,0.0000 ± 0.0000,,,,
08/23 08:33:15.060029,gaps,hma2,0,True,,relative,relative,,722.0389692783356,18965.229975207505,2826.0397601127625,-0.24050869,-0.0053767073,2433.246,2433.492,,,,,1.0000 ± 0.0000,341.5887 ± 105.9072,,139.9922 ± 41.3653,16.7176570892334,11484.862919197747,0.0,dense,True,velocity,1.0,6.9375 ± 2.2491,0.0000 ± 0.0000,,,,
08/23 08:34:16.265807,gaps,hma2,1,True,,relative,relative,,566.299281835556,38234.9993118538,1783.500086069107,-0.23036718,-0.0051961406,4473.8096,4474.045,,,,,1.0000 ± 0.0000,70.6986 ± 34.4940,,72.0703 ± 28.2257,12.832088470458984,14962.490357045712,0.0,dense,True,velocity,5.0,1.1094 ± 0.8771,0.0000 ± 0.0000,,,,
08/23 09:36:56.208734,gaps,hma2,10,True,,relative,relative,,566.830100774765,85809.84250009179,1587.7932612895966,-0.3793471,-0.0024721962,-0.3578939,0.02392535,,,,,0.0391 ± 0.1937,-0.0391 ± 0.1937,,1459.3750 ± 205.0562,13.062106370925903,14699.007537357096,0.0,sparse,True,velocity,10.0,0.0000 ± 0.0000,0.0000 ± 0.0000,,,,
08/23 09:42:26.757107,gaps,hma2,11,True,,relative,relative,,510.14910340309143,38787.63116691625,6943.026545524597,-0.31311342,-0.008209931,4.989499,5.310822,,,,,1.0000 ± 0.0000,-0.3906 ± 0.8407,,147.3438 ± 63.7314,11.458536386489868,16756.066702059496,0.0,sparse,True,velocity,20.0,0.7500 ± 0.7181,0.0000 ± 0.0000,,,,
08/23 09:49:22.353434,gaps,hma2,12,True,,relative,relative,,722.8229637145996,19331.31869733854,2800.2052097320557,-0.39352202,-0.0003911536,-0.3937186,0.00019457939,,,,,0.0234 ± 0.1513,-0.0234 ± 0.1513,,1491.8203 ± 54.7951,16.781879425048828,11440.911660550877,0.0,sparse,False,velocity,1.0,0.0000 ± 0.0000,0.0000 ± 0.0000,,,,
08/23 09:54:02.354694,gaps,hma2,13,True,,relative,relative,,758.2061042785645,14398.407621210614,4691.64848279953,-0.37688762,-0.004200485,-0.35334653,0.02774157,,,,,0.1250 ± 0.3307,-0.1250 ± 0.3307,,1376.6797 ± 347.7592,17.61383819580078,10900.520253772609,0.0,sparse,False,velocity,5.0,0.0000 ± 0.0000,0.0000 ± 0.0000,,,,
08/23 10:07:08.654305,gaps,hma2,14,True,,relative,relative,,754.2646622657776,14599.98661558556,9241.498776435852,-0.38021046,-0.002873569,-0.35529345,0.027790565,,,,,0.0547 ± 0.2274,-0.0547 ± 0.2274,,1471.9531 ± 149.0284,17.421161651611328,11021.079066919825,0.0,sparse,False,velocity,10.0,0.0000 ± 0.0000,0.0000 ± 0.0000,,,,
08/23 10:13:14.665028,gaps,hma2,15,True,,relative,relative,,566.1274361610413,86970.97454636214,3112.557797193527,-0.30264282,-0.00789638,7.3800545,7.6905932,,,,,1.0000 ± 0.0000,-0.3047 ± 0.8344,,108.5938 ± 33.8825,13.074991226196289,14684.52228215037,0.0,sparse,False,velocity,20.0,0.8516 ± 0.7509,0.0000 ± 0.0000,,,,
08/23 10:36:11.995143,gaps,hma2,16,True,,relative,relative,continuous,723.6714451313019,19043.704383423297,2842.350910425186,-0.3789259,-0.010225973,3514.23,3514.6191,,,,,1.0000 ± 0.0000,384.3467 ± 149.1327,,170.2578 ± 65.2030,16.742693424224854,11467.688927648696,1.0,dense,True,velocity,1.0,7.8359 ± 3.0943,0.0000 ± 0.0000,,,,
08/23 10:39:10.976273,gaps,hma2,17,True,,relative,relative,continuous,692.4599514007568,21938.11524571079,3075.784508228302,-0.27603418,-0.005955693,4699.556,4699.838,,,,,1.0000 ± 0.0000,70.1644 ± 36.0632,,74.8438 ± 27.0484,15.976131200790405,12017.928344911248,1.0,dense,True,velocity,5.0,1.0938 ± 0.8700,0.0000 ± 0.0000,,,,
08/23 10:48:25.658722,gaps,hma2,18,True,,relative,relative,continuous,690.1459951400757,22559.072305056026,5976.185563802719,-0.2990968,-0.007755897,5191.175,5191.4814,,,,,1.0000 ± 0.0000,59.6331 ± 23.3351,,81.7188 ± 26.9580,15.773680686950684,12172.174891231225,1.0,dense,True,velocity,10.0,0.8281 ± 0.6627,0.0000 ± 0.0000,,,,
08/23 10:51:12.969164,gaps,hma2,19,True,,relative,relative,continuous,403.04831075668335,14678.702795349009,9386.451782226562,-0.25041547,-0.0073468434,3022.7466,3023.0044,,,,,1.0000 ± 0.0000,51.6591 ± 18.6014,,92.8125 ± 37.5611,17.49313235282898,10975.73585607439,1.0,dense,True,velocity,20.0,0.5312 ± 0.5581,0.0000 ± 0.0000,,,,
08/23 08:34:48.108056,gaps,hma2,2,True,,relative,relative,,509.32430815696716,38381.71275743004,3517.569803714752,-0.23110768,-0.0048971036,4992.5283,4992.764,,,,,1.0000 ± 0.0000,60.9837 ± 24.5362,,74.0625 ± 26.3521,11.597193956375122,16555.72897394332,0.0,dense,True,velocity,10.0,0.7969 ± 0.6773,0.0000 ± 0.0000,,,,
08/23 11:15:00.635688,gaps,hma2,20,True,,relative,relative,continuous,590.198912858963,74700.84430532985,744.3049304485321,-0.33004487,-0.0045487965,2535.4985,2535.8333,,,,,1.0000 ± 0.0000,242.5781 ± 81.8352,,100.7500 ± 30.4023,13.608132362365723,14109.210205141004,1.0,dense,False,velocity,1.0,4.7500 ± 1.6956,0.0000 ± 0.0000,,,,
08/23 11:21:36.090000,gaps,hma2,21,True,,relative,relative,continuous,556.0422406196594,38372.84964859147,1778.2025818824768,-0.27009806,-0.00443928,6185.8896,6186.164,,,,,1.0000 ± 0.0000,76.8495 ± 43.5285,,73.1641 ± 28.2281,12.545833587646484,15303.88544202091,1.0,dense,False,velocity,5.0,1.1484 ± 1.0085,0.0000 ± 0.0000,,,,
08/23 11:25:16.407560,gaps,hma2,22,True,,relative,relative,continuous,615.4743461608887,14529.209233108342,7445.000091791153,-0.27051097,-0.0047885794,5687.853,5688.129,,,,,1.0000 ± 0.0000,59.2480 ± 27.8529,,82.9688 ± 32.2916,17.5565345287323,10936.099016909102,1.0,dense,False,velocity,10.0,0.7812 ± 0.7597,0.0000 ± 0.0000,,,,
08/23 11:36:13.179736,gaps,hma2,23,True,,relative,relative,continuous,433.8163182735443,22934.344171582186,7208.963869810104,-0.2828968,-0.006666594,6524.5146,6524.8037,,,,,1.0000 ± 0.0000,60.5989 ± 32.1074,,95.6250 ± 34.8154,16.09548282623291,11928.812703094096,1.0,dense,False,velocity,20.0,0.7656 ± 0.8793,0.0000 ± 0.0000,,,,
08/23 11:37:47.502608,gaps,hma2,24,True,,relative,relative,continuous,598.0992002487183,74849.233167062,745.5280933380127,-0.4555384,-0.008963324,-0.46449512,6.6235716e-06,,,,,0.0000 ± 0.0000,0.0000 ± 0.0000,,1500.0000 ± 0.0000,13.850385427474976,13862.430111087744,1.0,sparse,True,velocity,1.0,0.0000 ± 0.0000,0.0000 ± 0.0000,,,,
08/23 11:42:19.884938,gaps,hma2,25,True,,relative,relative,continuous,689.9499039649963,22135.63113929012,3071.0305964946747,-0.4507218,-0.0024571877,-0.43547335,0.01770563,,,,,0.0938 ± 0.2915,-0.1016 ± 0.3269,,1428.9453 ± 243.0805,16.047067165374756,11964.803164423978,1.0,sparse,True,velocity,5.0,0.0000 ± 0.0000,0.0000 ± 0.0000,,,,
08/23 11:47:16.856675,gaps,hma2,26,True,,relative,relative,continuous,514.2173697948456,38433.26708708276,3522.9020516872406,-0.45300645,-0.003016476,-0.4353255,0.020697415,,,,,0.0547 ± 0.2274,-0.0547 ± 0.2274,,1449.0625 ± 228.3994,11.594077110290527,16560.179665321273,1.0,sparse,True,velocity,10.0,0.0000 ± 0.0000,0.0000 ± 0.0000,,,,
08/23 12:00:49.433223,gaps,hma2,27,True,,relative,relative,continuous,577.853110074997,85434.95833034204,3182.467081785202,-0.42097035,-0.0066472646,-0.38256747,0.04505015,,,,,0.0469 ± 0.2114,-0.0469 ± 0.2114,,1469.6875 ± 142.3241,13.271277904510498,14467.333242622033,1.0,sparse,True,velocity,20.0,0.0000 ± 0.0000,0.0000 ± 0.0000,,,,
08/23 12:01:17.071504,gaps,hma2,28,True,,relative,relative,continuous,552.916850566864,34020.28144818886,1616.8261530399323,-0.45904,-0.0020083473,-0.46073747,0.00031085475,,,,,0.0078 ± 0.0880,-0.0078 ± 0.0880,,1497.9766 ± 22.8030,12.676496982574463,15146.140157168784,1.0,sparse,False,velocity,1.0,0.0000 ± 0.0000,0.0000 ± 0.0000,,,,
08/23 12:38:20.196146,gaps,hma2,29,True,,relative,relative,continuous,564.581404209137,38841.7779353316,1768.543212890625,-0.44747168,-0.0015324209,-0.43310317,0.015900932,,,,,0.0781 ± 0.2684,-0.0859 ± 0.3069,,1438.9844 ± 242.1311,12.788835763931274,15013.094510252698,1.0,sparse,False,velocity,5.0,0.0000 ± 0.0000,0.0000 ± 0.0000,,,,
08/23 08:40:22.671961,gaps,hma2,3,True,,relative,relative,,684.2129149436951,14736.885583108742,16486.130682468414,-0.24699342,-0.006567437,11551.762,11552.014,,,,,1.0000 ± 0.0000,71.3053 ± 34.7863,,80.0000 ± 34.0955,17.499112844467163,10971.984791829387,0.0,dense,True,velocity,20.0,1.0469 ± 0.8278,0.0000 ± 0.0000,,,,
08/23 12:40:14.312728,gaps,hma2,30,True,,relative,relative,continuous,431.4209771156311,22798.86628323793,3649.300688266754,-0.40595824,-0.004556085,-0.37992847,0.030585863,,,,,0.1016 ± 0.3021,-0.1016 ± 0.3021,,1413.0469 ± 287.4227,15.882795810699463,12088.551807148398,1.0,sparse,False,velocity,10.0,0.0000 ± 0.0000,0.0000 ± 0.0000,,,,
08/23 12:45:44.837296,gaps,hma2,31,True,,relative,relative,continuous,241.92554712295532,22947.973307857596,3759.267246723175,-0.39267188,-0.009874037,-0.09640272,0.30614316,,,,,0.8984 ± 0.3021,-0.8750 ± 0.4677,,651.5625 ± 428.1034,16.264389753341675,11804.931074069456,1.0,sparse,False,velocity,20.0,0.0703 ± 0.2557,0.0000 ± 0.0000,,,,
08/23 12:54:17.808479,gaps,hma2,32,True,,relative,relative,discrete,578.4236710071564,12883.525071975726,2960.4242808818817,-0.3407824,-0.0077789677,1683.064,1683.4126,,,,,1.0000 ± 0.0000,200.1916 ± 68.4623,,87.4922 ± 30.4436,18.59944772720337,10322.887153212763,2.0,dense,True,velocity,1.0,3.8594 ± 1.4563,0.0000 ± 0.0000,,,,
08/23 12:55:19.386646,gaps,hma2,33,True,,relative,relative,discrete,512.1802587509155,37966.62319237898,1801.691109418869,-0.2019333,-0.003878403,6127.544,6127.7495,,,,,1.0000 ± 0.0000,83.8197 ± 41.9192,,72.1094 ± 26.2024,11.4879469871521,16713.169047065516,2.0,dense,True,velocity,5.0,1.3828 ± 0.9852,0.0000 ± 0.0000,,,,
08/23 13:04:21.433576,gaps,hma2,34,True,,relative,relative,discrete,577.1130044460297,83987.85837732865,1606.1625249385834,-0.10520967,-0.006976492,8209.639,8209.75,,,,,1.0000 ± 0.0000,85.1609 ± 35.0237,,68.5938 ± 25.9728,13.313867092132568,14421.05427907243,2.0,dense,True,velocity,10.0,1.4141 ± 0.8152,0.0000 ± 0.0000,,,,
08/23 13:19:08.147650,gaps,hma2,35,True,,relative,relative,discrete,155.00591826438904,39352.906805811785,1537.8148856163025,-0.2854893,-0.0128855035,2080.891,2081.1895,,,,,1.0000 ± 0.0000,41.5293 ± 17.7866,,136.0938 ± 77.9045,12.943408012390137,14833.80573464169,2.0,dense,True,velocity,20.0,0.3828 ± 0.5172,0.0000 ± 0.0000,,,,
08/23 13:34:50.392995,gaps,hma2,36,True,,relative,relative,discrete,295.2252743244171,33667.273876888925,850.6672461032867,-0.23117831,-0.00017112859,1390.1694,1390.4008,,,,,1.0000 ± 0.0000,136.7429 ± 48.9831,,78.3750 ± 24.3670,12.176274538040161,15768.369824462208,2.0,dense,False,velocity,1.0,2.5391 ± 1.0376,0.0000 ± 0.0000,,,,
08/23 13:41:22.808129,gaps,hma2,37,True,,relative,relative,discrete,311.4638216495514,82881.22807179624,433.77912163734436,-0.23183496,-0.004030402,3971.898,3972.1338,,,,,1.0000 ± 0.0000,63.5161 ± 31.9806,,66.7188 ± 29.0839,13.365893363952637,14364.92083034401,2.0,dense,False,velocity,5.0,0.8594 ± 0.7679,0.0000 ± 0.0000,,,,
08/22 13:26:41.138055,gaps,hma2,38,True,,relative,relative,discrete,261.93002104759216,14577.296486502104,2944.128984451294,-0.30586994,-0.0077753128,33829.125,33829.44,,,,,0.7891 ± 0.4080,404.3553 ± 265.7957,,809.6094 ± 507.5006,17.489242792129517,10978.176830297281,2.0,dense,False,velocity,10.0,0.4141 ± 0.6191,0.0000 ± 0.0000,,,,
08/22 13:29:00.230499,gaps,hma2,39,True,,relative,relative,discrete,519.8365859985352,87953.00066099,2845.030324935913,-0.43436757,-0.0022167577,3.2486395e+23,3.2486395e+23,,,,,0.1797 ± 0.3839,113.8447 ± 86.1297,,1363.9062 ± 339.7982,13.199453830718994,14546.056409785668,2.0,dense,False,velocity,20.0,0.0391 ± 0.1937,0.0000 ± 0.0000,,,,
08/23 08:43:59.240323,gaps,hma2,4,True,,relative,relative,,798.081521987915,12995.708865575756,4165.146035194397,-0.29153743,-0.0042677964,2651.4338,2651.7295,,,,,1.0000 ± 0.0000,259.9045 ± 84.5026,,110.9297 ± 34.6388,18.724962949752808,10253.691850564363,0.0,dense,False,velocity,1.0,5.1953 ± 1.7812,0.0000 ± 0.0000,,,,
08/22 13:30:57.056019,gaps,hma2,40,True,,relative,relative,discrete,508.14160680770874,13008.028230854157,2551.649342775345,-0.45124742,-0.0038328995,-0.41648,0.03860031,,,,,0.1172 ± 0.3216,-0.1172 ± 0.3216,,1403.8281 ± 297.5001,18.893418550491333,10162.268913214064,2.0,sparse,True,velocity,1.0,0.0000 ± 0.0000,0.0000 ± 0.0000,,,,
08/22 13:46:03.975205,gaps,hma2,41,True,,relative,relative,discrete,432.20084404945374,21905.15643276019,1882.2844414710999,-0.40017584,-0.006221993,-0.36743575,0.03896207,,,,,0.0312 ± 0.1740,-0.1562 ± 0.3840,,1475.8203 ± 139.4153,15.87149691581726,12097.157629073796,2.0,sparse,True,velocity,5.0,0.0000 ± 0.0000,0.0000 ± 0.0000,,,,
08/22 13:58:54.122534,gaps,hma2,42,True,,relative,relative,discrete,183.32881569862366,39525.033247624655,1113.3324098587036,-0.36981708,0.006396666,28344876.0,28344876.0,,,,,0.6406 ± 0.4798,-4.9219 ± 2.8135,,958.4375 ± 504.6741,11.299901008605957,16991.29929136314,2.0,sparse,True,velocity,10.0,0.1719 ± 0.3773,0.0000 ± 0.0000,,,,
08/22 14:00:37.159532,gaps,hma2,43,True,,relative,relative,discrete,52.73910856246948,13957.212951557893,469.54933071136475,-0.33028123,0.20405024,29.828709,29.95494,,,,,0.3203 ± 0.4666,-5.1953 ± 1.9286,,1297.1875 ± 371.1110,17.508611917495728,10966.032082083062,2.0,sparse,True,velocity,20.0,0.0234 ± 0.1513,0.0000 ± 0.0000,,,,
08/22 14:03:33.174568,gaps,hma2,44,True,,relative,relative,discrete,253.89950442314148,19459.08099719729,914.6666960716248,-0.44238728,0.008723315,178.3107,178.74435,,,,,1.0000 ± 0.0000,-0.9922 ± 0.0880,,364.5625 ± 198.5164,16.559937477111816,11594.24667305485,2.0,sparse,False,velocity,1.0,0.0078 ± 0.0880,0.0000 ± 0.0000,,,,
08/22 14:26:24.208768,gaps,hma2,45,True,,relative,relative,discrete,687.0002584457397,21937.697631445495,3066.3045477867126,-0.42932314,-0.005659114,-0.4145791,0.020403188,,,,,0.0312 ± 0.1740,-0.1328 ± 0.3394,,1477.8906 ± 130.4958,16.022074460983276,11983.466964128498,2.0,sparse,False,velocity,5.0,0.0000 ± 0.0000,0.0000 ± 0.0000,,,,
08/22 14:26:27.669173,gaps,hma2,46,True,,relative,relative,discrete,509.17261505126953,38726.034141829325,3490.689656496048,-0.41974095,-0.00680154,-0.40748417,0.019058302,,,,,0.0000 ± 0.0000,-0.0547 ± 0.2274,,1500.0000 ± 0.0000,11.560474634170532,16608.31463030809,2.0,sparse,False,velocity,10.0,0.0000 ± 0.0000,0.0000 ± 0.0000,,,,
08/22 14:26:24.260145,gaps,hma2,47,True,,relative,relative,discrete,304.7672562599182,22947.686727793516,4909.53401517868,-0.372406,-0.0048097214,51920220000.0,51920220000.0,,,,,0.3438 ± 0.4750,-4.9531 ± 2.7239,,1195.0000 ± 478.6439,15.782509565353394,12165.365666654727,2.0,sparse,False,velocity,20.0,0.0859 ± 0.4151,0.0000 ± 0.0000,,,,
08/23 08:46:15.486183,gaps,hma2,5,True,,relative,relative,,687.6890833377838,22101.88697422545,3079.2413482666016,-0.2673695,-0.007914788,4900.491,4900.7666,,,,,1.0000 ± 0.0000,70.7219 ± 33.7540,,69.2969 ± 26.3297,15.695848941802979,12232.533627960936,0.0,dense,False,velocity,5.0,0.9922 ± 0.8431,0.0000 ± 0.0000,,,,
08/23 08:46:54.544387,gaps,hma2,6,True,,relative,relative,,680.9382665157318,22543.36333543121,6014.674473762512,-0.2581524,-0.008338752,6185.885,6186.1514,,,,,1.0000 ± 0.0000,57.7248 ± 23.9097,,69.3750 ± 25.1790,15.633054494857788,12281.668951077663,0.0,dense,False,velocity,10.0,0.6406 ± 0.7042,0.0000 ± 0.0000,,,,
08/23 09:16:43.300523,gaps,hma2,7,True,,relative,relative,,570.123025894165,39194.72659570026,6882.901090145111,-0.25655314,-0.006564956,14209.791,14210.055,,,,,1.0000 ± 0.0000,75.3419 ± 37.2528,,76.2500 ± 28.1458,12.947683572769165,14828.907342453404,0.0,dense,False,velocity,20.0,1.0625 ± 0.8817,0.0000 ± 0.0000,,,,
08/23 09:14:12.629369,gaps,hma2,8,True,,relative,relative,,596.2285287380219,74541.8118720156,743.7940411567688,-0.39138967,-0.007402152,-0.39879048,1.3392934e-06,,,,,0.0000 ± 0.0000,0.0000 ± 0.0000,,1500.0000 ± 0.0000,13.817371129989624,13895.552069472724,0.0,sparse,True,velocity,1.0,0.0000 ± 0.0000,0.0000 ± 0.0000,,,,
08/23 09:32:43.478114,gaps,hma2,9,True,,relative,relative,,687.6665921211243,21940.888165039825,3079.6791501045227,-0.3777197,-0.0013238702,-0.36328074,0.01576283,,,,,0.0938 ± 0.2915,-0.0938 ± 0.2915,,1435.6250 ± 225.8301,15.862578868865967,12103.958731253028,0.0,sparse,True,velocity,5.0,0.0000 ± 0.0000,0.0000 ± 0.0000,,,,
08/12 05:40:24.381629,gaps,hma3,1,,,,,,1368.0025401115417,26846.94126615128,12336.835565567017,-0.110495836,0.00025223062,4411.6694,4411.7803,,,,,1.0000 ± 0.0000,108.3569 ± 46.9108,,97.1094 ± 66.1928,13.178328037261963,14569.374768720016,,dense,True,velocity,2.0,0.5469 ± 0.6478,0.0000 ± 0.0000,/nfs/nhome/live/aoomerjee/MSc-Thesis/hct/training/hyperparam_sweeps/hma/mid_level/runs/33,56.5918 ± 2.3445,,
08/12 05:40:24.382387,gaps,hma3,2,,,,,,1354.840059518814,27144.624979475968,12201.168846845627,-0.12649676,-0.0047739698,2028.8618,2028.9932,,,,,1.0000 ± 0.0000,83.8654 ± 20.4073,,159.1406 ± 85.6138,13.078056573867798,14681.080397193644,,dense,True,velocity,3.0,0.0859 ± 0.2803,0.0000 ± 0.0000,/nfs/nhome/live/aoomerjee/MSc-Thesis/hct/training/hyperparam_sweeps/hma/mid_level/runs/33,57.7996 ± 1.0154,,
08/12 05:40:24.378467,gaps,hma3,3,,,,,,1346.7807083129883,27431.955554903772,24128.795869350433,-0.11723653,-0.0041879434,2193.6257,2193.747,,,,,0.9688 ± 0.1740,75.2411 ± 25.3464,,399.3750 ± 311.1765,13.04624319076538,14716.880345746184,,dense,False,velocity,1.0,0.0703 ± 0.2557,0.0000 ± 0.0000,/nfs/nhome/live/aoomerjee/MSc-Thesis/hct/training/hyperparam_sweeps/hma/mid_level/runs/33,58.2111 ± 1.2711,,
08/12 05:40:24.380562,gaps,hma3,4,,,,,,1354.888669013977,27500.208644615228,60133.92314505577,-0.11622392,-0.004743911,4323.2427,4323.3633,,,,,0.8828 ± 0.3216,67.0365 ± 32.8821,,767.9688 ± 397.6854,13.067689418792725,14692.727524108708,,dense,False,velocity,2.0,0.1016 ± 0.3021,0.0000 ± 0.0000,/nfs/nhome/live/aoomerjee/MSc-Thesis/hct/training/hyperparam_sweeps/hma/mid_level/runs/33,58.6314 ± 1.6491,,
08/12 05:40:24.382546,gaps,hma3,5,,,,,,1453.0885171890259,23209.57372890237,14286.744240045547,-0.14638399,-0.04255576,577.31464,577.5036,,,,,1.0000 ± 0.0000,110.0659 ± 48.9560,,85.9922 ± 52.5301,14.029332637786865,13685.611779056662,,dense,False,velocity,3.0,0.5547 ± 0.6350,0.0000 ± 0.0000,/nfs/nhome/live/aoomerjee/MSc-Thesis/hct/training/hyperparam_sweeps/hma/mid_level/runs/33,56.5022 ± 2.4465,,
08/12 05:40:24.382090,gaps,hma3,6,,,,,,1347.6534209251404,26782.104992633354,12420.289546251297,-0.1362842,-0.013269376,3162.7378,3162.8872,,,,,1.0000 ± 0.0000,94.3094 ± 31.2253,,96.7578 ± 56.3838,13.01272177696228,14754.791756165629,,sparse,True,velocity,1.0,0.2266 ± 0.4876,0.0000 ± 0.0000,/nfs/nhome/live/aoomerjee/MSc-Thesis/hct/training/hyperparam_sweeps/hma/mid_level/runs/33,57.2799 ± 1.5667,,
08/21 20:40:29.481780,hma,low_level,0,True,,relative,relative,,478.50639367103577,114265.70318151845,1454.7623491287231,-0.017260836,-0.005258903,2873.807,2873.8296,370.64642333984375,3256.63671875,4.9257 ± 1.4010,0.0000 ± 0.0000,0.0156 ± 0.1240,2653.7869 ± 227.7758,12078.0,1986.2812 ± 108.9415,10.557793855667114,24247.489911217268,,,,,,,,,,,
08/21 20:40:29.920750,hma,low_level,1,True,,relative,relative,continuous,484.8834693431854,107011.93654441273,1550.916136264801,-0.0039350037,-0.008500358,890.50903,890.52155,0.0,0.0,2.6097 ± 1.6251,0.0000 ± 0.0000,0.0000 ± 0.0000,1233.1487 ± 125.7524,12160.0,2000.0000 ± 0.0000,10.57345724105835,24211.569987337054,,,,,,,,,,,
08/21 20:40:25.967968,hma,low_level,2,True,,relative,relative,discrete,401.2034363746643,73495.61205261816,2221.3902196884155,0.025291473,-0.00848406,524.7003,524.6836,18884.87890625,285002.625,2.8756 ± 2.5779,0.0041 ± 0.0049,0.0859 ± 0.2803,2226.4971 ± 508.0632,12210.0,1307.1719 ± 284.7018,8.872769832611084,28852.32062023006,,,,,,,,,,,
08/22 00:38:35.304793,hurdles,flat,0,,,,,,422.5111172199249,55770.547035768184,993.0149054527283,0.020471903,-0.0037577334,600.3618,600.34515,,,,,0.6016 ± 0.4896,716.6682 ± 223.6666,,809.5938 ± 319.0789,9.550136089324951,20104.42554997889,,dense,True,,,7.6562 ± 2.5107,0.3906 ± 0.4879,,,,
08/22 00:38:35.310798,hurdles,flat,1,,,,,,427.4827952384949,56136.11759078605,988.8975987434387,0.0056265583,-0.004053582,1217.1567,1217.1553,,,,,0.2344 ± 0.4236,823.0215 ± 196.3700,,513.6953 ± 141.6052,9.620142459869385,19958.12440417923,,dense,False,,,8.9688 ± 2.2218,0.7656 ± 0.4236,,,,
08/22 00:38:36.326975,hurdles,flat,2,,,,,,524.4413366317749,108603.15436091527,513.1053187847137,-0.034072522,-0.003656246,0.024005234,0.061734002,,,,,0.5469 ± 0.4978,6.1328 ± 2.8950,,1014.3750 ± 482.3933,12.09514570236206,15874.137007089077,,sparse,True,,,6.8203 ± 2.6588,0.1328 ± 0.3394,,,,
08/22 00:38:53.741794,hurdles,flat,3,,,,,,569.0751321315765,21804.887436309826,2483.9221951961517,0.0067979624,-0.012357786,0.06682837,0.07238819,,,,,0.0234 ± 0.1513,-0.0156 ± 0.1761,,1499.3516 ± 5.8197,13.104593276977539,14651.35131948812,,sparse,False,,,0.0078 ± 0.0880,0.0000 ± 0.0000,,,,
08/23 04:33:32.937767,hurdles,hma2,0,True,,relative,relative,,438.6070954799652,56187.73513135455,992.3705167770386,-0.29578793,-0.0074487487,343.77823,344.08148,,,,,0.5547 ± 0.4970,469.3493 ± 185.8369,,959.0547 ± 549.9153,9.885050535202026,19423.269442706594,0.0,dense,True,velocity,1.0,4.9062 ± 1.8432,0.0000 ± 0.0000,,,,
08/23 04:33:33.272323,hurdles,hma2,1,True,,relative,relative,,524.4590091705322,69087.33570935123,1004.1636669635773,-0.28530508,-0.007761609,657.8843,658.17737,,,,,0.6172 ± 0.4861,119.4777 ± 57.3747,,985.2344 ± 529.3587,11.945347309112549,16073.20365256623,0.0,dense,True,velocity,5.0,1.3516 ± 0.6446,0.0000 ± 0.0000,,,,
08/23 04:57:55.741097,hurdles,hma2,10,True,,relative,relative,,435.82183814048767,70314.1863092305,1946.5737845897675,-0.37062427,-0.005899022,-0.2765041,0.10001917,,,,,0.1250 ± 0.3307,0.8281 ± 0.4859,,1380.0000 ± 342.3243,9.828160047531128,19535.701400002246,0.0,sparse,True,velocity,10.0,0.9531 ± 0.2114,0.0000 ± 0.0000,,,,
08/23 04:59:33.069593,hurdles,hma2,11,True,,relative,relative,,584.4188606739044,71776.58692053406,3770.654126405716,-0.36919087,-0.0064850007,-0.19835661,0.17731926,,,,,0.1172 ± 0.3216,0.8125 ± 0.4635,,1405.1562 ± 297.7126,13.354289293289185,14377.403078760926,0.0,sparse,True,velocity,20.0,0.9297 ± 0.2557,0.0000 ± 0.0000,,,,
08/23 05:00:41.726260,hurdles,hma2,12,True,,relative,relative,,542.6567511558533,104357.9522268679,541.1967222690582,-0.39426512,-0.006476105,-0.34934583,0.051395345,,,,,0.1094 ± 0.3121,0.8750 ± 0.5303,,1423.0625 ± 245.7949,12.517633199691772,15338.362846798203,0.0,sparse,False,velocity,1.0,0.9844 ± 0.3532,0.0000 ± 0.0000,,,,
08/23 05:08:50.359775,hurdles,hma2,13,True,,relative,relative,,470.50957679748535,41934.895149942255,1620.9911577701569,-0.3610099,-0.007822805,-0.070599645,0.29823306,,,,,0.2109 ± 0.4080,0.7109 ± 0.5470,,1356.8750 ± 330.1343,10.68937373161316,17961.76322586345,0.0,sparse,False,velocity,5.0,0.9297 ± 0.2557,0.0000 ± 0.0000,,,,
08/23 05:09:56.554786,hurdles,hma2,14,True,,relative,relative,,469.0778226852417,44064.43316683323,3087.5745820999146,-0.35052353,-0.008004187,0.24109796,0.5996257,,,,,0.1484 ± 0.3555,0.7422 ± 0.5624,,1390.9375 ± 305.1010,10.5876145362854,18134.396500929095,0.0,sparse,False,velocity,10.0,0.8906 ± 0.3121,0.0000 ± 0.0000,,,,
08/23 05:19:11.392170,hurdles,hma2,15,True,,relative,relative,,524.9127876758575,126293.73065437701,2133.471654176712,-0.34947252,-0.0072285286,1.0430769,1.3997779,,,,,0.1328 ± 0.3394,0.7188 ± 0.6116,,1370.9375 ± 366.7924,12.126604080200195,15832.95692101381,0.0,sparse,False,velocity,20.0,0.8516 ± 0.3555,0.0000 ± 0.0000,,,,
08/23 05:25:52.656705,hurdles,hma2,16,True,,relative,relative,continuous,623.5667841434479,23157.183519637907,2339.9266917705536,-0.36739874,-0.009686904,392.54416,392.92126,,,,,0.7656 ± 0.4236,465.0474 ± 155.7236,,908.7109 ± 465.0855,14.407281160354614,13326.594925372734,1.0,dense,True,velocity,1.0,4.7969 ± 1.5530,0.0000 ± 0.0000,,,,
08/23 05:26:44.388607,hurdles,hma2,17,True,,relative,relative,continuous,569.881340265274,26639.29886971331,2545.033450126648,-0.3792725,-0.0092693325,638.10034,638.4889,,,,,0.5391 ± 0.4985,152.9528 ± 56.4391,,1151.3672 ± 440.4059,13.11749005317688,14636.94649065125,1.0,dense,True,velocity,5.0,1.6484 ± 0.6323,0.0000 ± 0.0000,,,,
08/23 05:38:07.446214,hurdles,hma2,18,True,,relative,relative,continuous,432.2017891407013,69671.18194618165,1957.7176520824432,-0.37762922,-0.009994875,1486.1279,1486.5156,,,,,0.4453 ± 0.4970,164.4406 ± 59.6469,,1238.9062 ± 390.2728,9.733356237411499,19725.98097889621,1.0,dense,True,velocity,10.0,1.7656 ± 0.6787,0.0000 ± 0.0000,,,,
08/23 05:44:01.929431,hurdles,hma2,19,True,,relative,relative,continuous,468.21952748298645,44240.88280315175,6074.359005212784,-0.35926342,-0.007878707,958.3197,958.68677,,,,,0.3672 ± 0.4820,108.0215 ± 31.0026,,1251.0938 ± 392.8884,10.696268796920776,17950.184652733544,1.0,dense,True,velocity,20.0,1.0469 ± 0.3721,0.0000 ± 0.0000,,,,
08/23 04:33:34.380107,hurdles,hma2,2,True,,relative,relative,,526.801275730133,126898.21656235616,1076.912965297699,-0.3009103,-0.0065852874,1036.4519,1036.7594,,,,,0.5312 ± 0.4990,114.9502 ± 46.3097,,1104.6875 ± 476.4418,12.12860918045044,15830.339418428634,0.0,dense,True,velocity,10.0,1.3047 ± 0.5937,0.0000 ± 0.0000,,,,
08/23 06:03:56.740795,hurdles,hma2,20,True,,relative,relative,continuous,561.0550134181976,102062.62416336917,544.7244644165039,-0.40537518,-0.006105231,68.92304,69.33452,,,,,0.4297 ± 0.4950,198.9395 ± 49.4782,,1102.3281 ± 537.9942,12.971611022949219,14801.55392112174,1.0,dense,False,velocity,1.0,1.8984 ± 0.4975,0.0000 ± 0.0000,,,,
08/23 06:07:32.413293,hurdles,hma2,21,True,,relative,relative,continuous,573.972615480423,26178.28213139939,2587.1913175582886,-0.291673,-0.0052512046,593.67865,593.9756,,,,,0.5938 ± 0.4911,149.1827 ± 51.0244,,1120.1953 ± 438.4482,13.208613872528076,14535.96886493374,1.0,dense,False,velocity,5.0,1.6172 ± 0.5745,0.0000 ± 0.0000,,,,
08/23 06:09:50.863663,hurdles,hma2,22,True,,relative,relative,continuous,467.0480716228485,43707.97463157624,3099.9981577396393,-0.31176758,-0.0063559483,817.2152,817.5333,,,,,0.3984 ± 0.4896,125.7686 ± 41.8769,,1233.5156 ± 405.8317,10.78945279121399,17795.1564101887,1.0,dense,False,velocity,10.0,1.3125 ± 0.5413,0.0000 ± 0.0000,,,,
08/23 06:12:38.604435,hurdles,hma2,23,True,,relative,relative,continuous,576.4750335216522,71499.93157642712,3771.7480928897858,-0.31756607,-0.0069158543,1423.6008,1423.9254,,,,,0.2031 ± 0.4023,109.7731 ± 33.6155,,1345.4688 ± 354.5306,13.188319206237793,14558.337343638763,1.0,dense,False,velocity,20.0,1.0391 ± 0.4221,0.0000 ± 0.0000,,,,
08/23 06:15:39.333993,hurdles,hma2,24,True,,relative,relative,continuous,621.355128288269,23170.504308753636,2336.8797283172607,-0.42059055,-0.007143862,-0.37878925,0.048945166,,,,,0.2109 ± 0.4080,4.7969 ± 1.9699,,1308.8125 ± 403.2231,14.403539657592773,13330.056678032466,1.0,sparse,True,velocity,1.0,5.0078 ± 1.6886,0.0000 ± 0.0000,,,,
08/23 06:18:27.717565,hurdles,hma2,25,True,,relative,relative,continuous,430.43390703201294,67844.40400888053,1019.1161489486694,-0.43544245,-0.005987885,-0.37748978,0.063940555,,,,,0.1484 ± 0.3555,0.9141 ± 0.5307,,1395.2734 ± 304.0452,9.679986476898193,19834.73845322184,1.0,sparse,True,velocity,5.0,1.0625 ± 0.3480,0.0000 ± 0.0000,,,,
08/23 06:19:02.806492,hurdles,hma2,26,True,,relative,relative,continuous,567.9649958610535,27162.263998267485,4966.504641294479,-0.42510194,-0.0050199917,-0.3305059,0.099616066,,,,,0.1172 ± 0.3216,0.8203 ± 0.5067,,1401.8750 ± 298.5374,13.093611717224121,14663.639349212694,1.0,sparse,True,velocity,10.0,0.9375 ± 0.2421,0.0000 ± 0.0000,,,,
08/23 06:22:28.656032,hurdles,hma2,27,True,,relative,relative,continuous,471.0847067832947,44411.77600714668,6064.932552099228,-0.44474143,-0.006850518,-0.28653258,0.1650594,,,,,0.1016 ± 0.3021,0.8438 ± 0.4227,,1442.0312 ± 214.8523,10.82478928565979,17737.06581562315,1.0,sparse,True,velocity,20.0,0.9453 ± 0.2274,0.0000 ± 0.0000,,,,
08/23 06:22:46.856925,hurdles,hma2,28,True,,relative,relative,continuous,562.4940288066864,102428.77700569727,548.7077307701111,-0.45897716,-0.005239929,-0.41902238,0.045194715,,,,,0.1016 ± 0.3021,0.8281 ± 0.4526,,1430.9219 ± 231.6042,12.934840440750122,14843.631112380808,1.0,sparse,False,velocity,1.0,0.9297 ± 0.2557,0.0000 ± 0.0000,,,,
08/23 06:41:46.294010,hurdles,hma2,29,True,,relative,relative,continuous,531.7283024787903,123663.70467644374,570.0305213928223,-0.41135222,-0.0077886195,-0.14495906,0.27418178,,,,,0.1875 ± 0.3903,0.7344 ± 0.5657,,1358.7500 ± 334.9429,12.28913164138794,15623.561176069838,1.0,sparse,False,velocity,5.0,0.9219 ± 0.2684,0.0000 ± 0.0000,,,,
08/23 04:33:46.678429,hurdles,hma2,3,True,,relative,relative,,571.5328714847565,27385.949250396985,9824.499274730682,-0.3089316,-0.009085438,1798.0135,1798.3315,,,,,0.4844 ± 0.4998,110.5960 ± 45.9300,,1149.8438 ± 455.3844,13.136009216308594,14616.311304169041,0.0,dense,True,velocity,20.0,1.2031 ± 0.5356,0.0000 ± 0.0000,,,,
08/23 06:43:07.333493,hurdles,hma2,30,True,,relative,relative,continuous,425.1230366230011,69859.3930610989,1949.389609336853,-0.40713653,-0.0074622342,0.1590355,0.57363427,,,,,0.1641 ± 0.3703,0.7031 ± 0.6041,,1376.7188 ± 318.2793,9.525960683822632,20155.447452776294,1.0,sparse,False,velocity,10.0,0.8672 ± 0.3394,0.0000 ± 0.0000,,,,
08/23 07:00:35.251080,hurdles,hma2,31,True,,relative,relative,continuous,524.1680445671082,128198.43047417798,2128.177003622055,-0.39714295,-0.007881389,0.9457506,1.350775,,,,,0.2031 ± 0.4023,0.6328 ± 0.6480,,1367.0312 ± 314.8769,12.087929010391235,15883.614127362067,1.0,sparse,False,velocity,20.0,0.8359 ± 0.3703,0.0000 ± 0.0000,,,,
08/23 07:00:43.045318,hurdles,hma2,32,True,,relative,relative,discrete,624.6744201183319,23126.487389199847,2339.9982471466064,-0.34513864,-0.009557816,865.42786,865.7826,,,,,0.7344 ± 0.4417,614.7925 ± 266.0617,,751.9453 ± 436.0687,14.436833381652832,13299.31536399144,2.0,dense,True,velocity,1.0,6.5391 ± 2.8502,0.2266 ± 0.4186,,,,
08/23 07:05:21.303472,hurdles,hma2,33,True,,relative,relative,discrete,572.263288974762,26703.61521401566,2541.8419194221497,-0.3070199,-0.0069431304,1005.34534,1005.6593,,,,,0.7734 ± 0.4186,152.9337 ± 66.3424,,831.2109 ± 506.6463,13.198452234268188,14547.160272436731,2.0,dense,True,velocity,5.0,1.6953 ± 0.8155,0.0000 ± 0.0000,,,,
08/23 07:09:37.874247,hurdles,hma2,34,True,,relative,relative,discrete,469.6017985343933,43534.85708098258,3101.944012403488,-0.28701198,-0.0055232774,1815.861,1816.1536,,,,,0.6250 ± 0.4841,147.6485 ± 61.9689,,987.1094 ± 521.8015,10.63347053527832,18056.193353149174,2.0,dense,True,velocity,10.0,1.6406 ± 0.6930,0.0000 ± 0.0000,,,,
08/23 07:23:12.100011,hurdles,hma2,35,True,,relative,relative,discrete,433.83425784111023,70919.90801271131,3832.6879200935364,-0.37932986,-0.00951943,4271.977,4272.366,,,,,0.4922 ± 0.4999,163.5748 ± 61.3393,,1130.1562 ± 484.3488,9.758630275726318,19674.892333771684,2.0,dense,True,velocity,20.0,1.8203 ± 0.7335,0.0000 ± 0.0000,,,,
08/23 07:25:37.984705,hurdles,hma2,36,True,,relative,relative,discrete,578.2405183315277,55809.92016174605,996.7718238830566,-0.3291596,-0.008418131,525.0044,525.3419,,,,,0.7812 ± 0.4134,437.8496 ± 196.2901,,848.2812 ± 486.2010,13.213150024414062,14530.978581582725,2.0,dense,False,velocity,1.0,4.5625 ± 2.0300,0.0000 ± 0.0000,,,,
08/23 07:27:27.216164,hurdles,hma2,37,True,,relative,relative,discrete,573.061386346817,26235.91514380661,2583.619799852371,-0.2621766,-0.0040665814,829.71344,829.97974,,,,,0.7031 ± 0.4569,159.5440 ± 61.6235,,907.5391 ± 503.6585,13.214126110076904,14529.905224196667,2.0,dense,False,velocity,5.0,1.8125 ± 0.7262,0.0000 ± 0.0000,,,,
08/23 07:33:24.827106,hurdles,hma2,38,True,,relative,relative,discrete,466.9067256450653,43581.42189746064,3103.75004029274,-0.2913129,-0.0052900994,2222.4675,2222.7642,,,,,0.6328 ± 0.4820,155.4298 ± 53.3489,,1019.1406 ± 477.4477,10.503119707107544,18280.282940131787,2.0,dense,False,velocity,10.0,1.7109 ± 0.6513,0.0000 ± 0.0000,,,,
08/23 07:45:10.050205,hurdles,hma2,39,True,,relative,relative,discrete,527.0679585933685,128112.61456007129,2112.2873561382294,-0.3067786,-0.006279949,4039.8032,4040.1162,,,,,0.5000 ± 0.5000,153.9571 ± 55.2893,,1174.5312 ± 424.9538,12.173413038253784,15772.076359904851,2.0,dense,False,velocity,20.0,1.7188 ± 0.6366,0.0000 ± 0.0000,,,,
08/23 04:33:46.677860,hurdles,hma2,4,True,,relative,relative,,618.3274028301239,21847.42546076051,2482.375202894211,-0.3338552,-0.0083290115,185.40309,185.74527,,,,,0.8438 ± 0.3631,244.8339 ± 114.7869,,817.2266 ± 478.2170,14.241270780563354,13481.942936022517,0.0,dense,False,velocity,1.0,2.6016 ± 1.2269,0.0000 ± 0.0000,,,,
08/23 07:50:37.360118,hurdles,hma2,40,True,,relative,relative,discrete,621.9306468963623,23271.94241735282,2334.720177412033,-0.45131946,-0.006610024,-0.43633813,0.02159133,,,,,0.2188 ± 0.4134,1.6406 ± 1.0363,,1310.1406 ± 417.6684,14.438289403915405,13297.97420101117,2.0,sparse,True,velocity,1.0,1.8594 ± 0.8904,0.0000 ± 0.0000,,,,
08/23 07:51:41.229494,hurdles,hma2,41,True,,relative,relative,discrete,568.7271435260773,26672.73703866764,2544.8800010681152,-0.43685722,-0.004388402,-0.37433785,0.06690778,,,,,0.1797 ± 0.3839,0.9297 ± 0.6273,,1354.8047 ± 368.3936,13.160438537597656,14589.17949059836,2.0,sparse,True,velocity,5.0,1.1172 ± 0.3877,0.0000 ± 0.0000,,,,
08/23 07:52:23.974914,hurdles,hma2,42,True,,relative,relative,discrete,548.8341224193573,70574.95366814523,1932.0205912590027,-0.4343192,-0.0059912866,-0.30285656,0.13745391,,,,,0.1328 ± 0.3394,1.0703 ± 0.5330,,1407.7344 ± 295.9207,12.449568748474121,15422.220952314708,2.0,sparse,True,velocity,10.0,1.2031 ± 0.4213,0.0000 ± 0.0000,,,,
08/23 07:57:39.422249,hurdles,hma2,43,True,,relative,relative,discrete,570.5458223819733,27418.7542742755,9819.420023441315,-0.4481833,0.006502916,-0.32598978,0.11569062,,,,,0.1172 ± 0.3216,0.8750 ± 0.3536,,1422.1875 ± 261.7636,13.205649852752686,14539.231475986626,2.0,sparse,True,velocity,20.0,0.9922 ± 0.0880,0.0000 ± 0.0000,,,,
08/23 08:09:29.762044,hurdles,hma2,44,True,,relative,relative,discrete,507.332234621048,32605.155891326693,1678.6608567237854,-0.45905036,-0.0065287263,-0.39758646,0.06799264,,,,,0.2422 ± 0.4284,1.1719 ± 0.8302,,1239.5859 ± 503.2593,11.644646883010864,16488.262970010823,2.0,sparse,False,velocity,1.0,1.4141 ± 0.6191,0.0000 ± 0.0000,,,,
08/23 08:11:44.721431,hurdles,hma2,45,True,,relative,relative,discrete,469.8284776210785,41921.30944037194,1620.097294807434,-0.41629618,-0.0072046276,-0.1315048,0.291996,,,,,0.1719 ± 0.3773,0.7891 ± 0.4945,,1360.8984 ± 362.6947,10.589051246643066,18131.936046760347,2.0,sparse,False,velocity,5.0,0.9609 ± 0.1937,0.0000 ± 0.0000,,,,
08/23 08:20:28.524693,hurdles,hma2,46,True,,relative,relative,discrete,570.6065716743469,26915.64014094009,5018.926502943039,-0.41159788,-0.007773769,0.1382466,0.55761826,,,,,0.2500 ± 0.4330,0.7109 ± 0.5326,,1300.1562 ± 413.6725,13.131335496902466,14621.513557801538,2.0,sparse,False,velocity,10.0,0.9609 ± 0.1937,0.0000 ± 0.0000,,,,
08/23 08:29:34.054834,hurdles,hma2,47,True,,relative,relative,discrete,527.1136565208435,128547.69745320792,2123.2872285842896,-0.40718138,-0.007955514,0.756915,1.1720519,,,,,0.2109 ± 0.4080,0.7656 ± 0.4757,,1334.2188 ± 383.8958,12.17244267463684,15773.333679365898,2.0,sparse,False,velocity,20.0,0.9766 ± 0.1513,0.0000 ± 0.0000,,,,
08/23 04:33:46.676424,hurdles,hma2,5,True,,relative,relative,,569.5333399772644,26309.08385808302,2585.5076138973236,-0.30001846,-0.007812635,564.3773,564.68506,,,,,0.5156 ± 0.4998,125.4828 ± 49.8226,,1135.2734 ± 475.1411,13.13118290901184,14621.683463736668,0.0,dense,False,velocity,5.0,1.3047 ± 0.5937,0.0000 ± 0.0000,,,,
08/23 04:33:46.717427,hurdles,hma2,6,True,,relative,relative,,570.3149499893188,27013.169150349346,5015.72860789299,-0.3141278,-0.00788105,887.0851,887.40704,,,,,0.2969 ± 0.4569,114.6076 ± 34.2723,,1261.0938 ± 426.7542,13.130996942520142,14621.890541934035,0.0,dense,False,velocity,10.0,1.2109 ± 0.4785,0.0000 ± 0.0000,,,,
08/23 04:33:29.367941,hurdles,hma2,7,True,,relative,relative,,467.7934031486511,44609.75573515699,6051.444176197052,-0.317414,-0.006983173,1343.1477,1343.472,,,,,0.3281 ± 0.4695,102.2806 ± 35.9578,,1272.3438 ± 418.9281,10.617283582687378,18083.721556903372,0.0,dense,False,velocity,20.0,1.0234 ± 0.3637,0.0000 ± 0.0000,,,,
08/23 04:33:29.243019,hurdles,hma2,8,True,,relative,relative,,502.6567893028259,32909.12353661604,1663.0336153507233,-0.3975386,-0.006649186,-0.40100938,0.0031784098,,,,,0.0391 ± 0.1937,0.9609 ± 0.1937,,1472.7031 ± 180.5801,11.68256664276123,16434.74468163786,0.0,sparse,True,velocity,1.0,1.0000 ± 0.0000,0.0000 ± 0.0000,,,,
08/23 04:33:29.728700,hurdles,hma2,9,True,,relative,relative,,471.8134081363678,42490.939712589396,1610.2117528915405,-0.35747787,-0.0060662907,-0.29400682,0.06953733,,,,,0.1484 ± 0.3555,0.9141 ± 0.5307,,1374.5312 ± 332.2946,10.688608884811401,17963.04851914205,0.0,sparse,True,velocity,5.0,1.0625 ± 0.3248,0.0000 ± 0.0000,,,,
08/21 14:58:42.077404,maze,flat,0,,,,,,435.79113817214966,17188.314447449822,3152.0804390907288,0.0050142924,0.00081872207,437.40222,437.39642,,,,,0.0000 ± 0.0000,1230.5845 ± 26.6571,,489.1484 ± 25.4494,9.938750743865967,12878.882195430799,,dense,True,,,,1.0000 ± 0.0000,,0.0000 ± 0.0000,1.0000 ± 0.0000,1.0000 ± 0.0000
08/21 14:58:42.079061,maze,flat,1,,,,,,435.8881051540375,17292.322780194867,3138.6336319446564,0.0033275143,-0.0002170136,616.4816,616.4785,,,,,0.0312 ± 0.1740,1162.1384 ± 83.9785,,731.3594 ± 102.3840,9.929182529449463,12891.292875355886,,dense,False,,,,0.8984 ± 0.3021,,0.3906 ± 1.3534,1.0156 ± 0.1240,1.2500 ± 0.8385
08/21 14:58:42.082834,maze,flat,2,,,,,,434.9667510986328,17226.376956507178,3141.1738271713257,-0.009102081,-0.0018152569,0.2627858,0.27370313,,,,,0.0000 ± 0.0000,22.0000 ± 0.0000,,523.4688 ± 41.4239,9.933784008026123,12885.321434065892,,sparse,True,,,,1.0000 ± 0.0000,,0.0000 ± 0.0000,1.0000 ± 0.0000,1.0000 ± 0.0000
08/21 14:58:42.084903,maze,flat,3,,,,,,433.7613799571991,17197.411134518217,3142.337317466736,-0.04114441,-0.00231381,-0.032291815,0.011166403,,,,,0.0234 ± 0.1513,5.6719 ± 3.5971,,989.9297 ± 67.4943,9.903179168701172,12925.142302235812,,sparse,False,,,,0.0000 ± 0.0000,,16.4609 ± 3.6719,4.2969 ± 0.7327,2.9609 ± 1.3602
08/22 16:07:43.915188,maze,hma2,0,True,,relative,relative,,485.4686555862427,44544.59857610149,1232.6622161865234,-0.33646083,-0.0041384003,239.09793,239.43854,,,,,0.0000 ± 0.0000,1237.4086 ± 28.4757,,574.3359 ± 28.8607,10.883220434188843,17641.836914085285,0.0,dense,True,velocity,1.0,,1.0000 ± 0.0000,,0.0000 ± 0.0000,1.0000 ± 0.0000,1.0000 ± 0.0000
08/22 16:07:48.442960,maze,hma2,1,True,,relative,relative,,646.058052778244,19842.726007525984,3415.530714035034,-0.3346079,-0.0038392479,4953.3965,4953.735,,,,,0.1406 ± 0.3476,1176.8391 ± 175.3276,,1101.8750 ± 220.3531,14.889008522033691,12895.418772570807,0.0,dense,True,velocity,5.0,,0.8047 ± 0.3964,,1.1875 ± 3.3605,1.1797 ± 0.6547,1.3984 ± 0.9214
08/22 17:27:05.485408,maze,hma2,10,True,,relative,relative,,459.46361780166626,54235.77290491324,2515.351795911789,-0.32199693,-0.007084798,1.4751521,1.8042338,,,,,0.1328 ± 0.3394,16.7734 ± 3.9887,,1414.6094 ± 246.6681,10.320932865142822,18602.96956764897,0.0,sparse,True,velocity,10.0,,0.0156 ± 0.1240,,5.1328 ± 3.7341,1.7031 ± 0.9384,3.2578 ± 0.9291
08/22 17:28:31.374810,maze,hma2,11,True,,relative,relative,,559.0929138660431,31609.485937747635,8478.499990940094,-0.33592612,-0.0071291,3.6274161,3.9704716,,,,,0.1094 ± 0.3121,15.3750 ± 4.0485,,1420.0000 ± 269.7221,12.914546489715576,14866.956431873012,0.0,sparse,True,velocity,20.0,,0.0000 ± 0.0000,,6.5469 ± 3.7643,1.6641 ± 1.0553,3.8203 ± 0.9717
08/22 17:35:36.749408,maze,hma2,12,True,,relative,relative,,495.0310335159302,43996.31399122169,1254.5033292770386,-0.39652485,-0.0026492984,-0.39592358,0.003250574,,,,,0.0078 ± 0.0880,10.8125 ± 2.1278,,1499.4922 ± 5.7228,11.118631839752197,17268.31167424275,0.0,sparse,False,velocity,1.0,,0.0000 ± 0.0000,,11.4922 ± 2.1902,3.5156 ± 0.5152,4.3984 ± 1.1946
08/22 18:05:40.355314,maze,hma2,13,True,,relative,relative,,464.94427156448364,51964.55510633113,1325.8140268325806,-0.38759047,-0.00944344,-0.15219694,0.24483696,,,,,0.0703 ± 0.2557,10.8438 ± 1.8305,,1453.7500 ± 189.8653,10.4692223072052,18339.471105495624,0.0,sparse,False,velocity,5.0,,0.0000 ± 0.0000,,11.4453 ± 1.6993,3.6641 ± 0.5043,4.5000 ± 0.9100
08/22 18:17:11.081682,maze,hma2,14,True,,relative,relative,,458.87342071533203,53994.72890988389,2510.260304927826,-0.3829715,-0.009796836,0.18131948,0.5740878,,,,,0.1328 ± 0.3394,10.1641 ± 2.3511,,1408.8281 ± 269.3152,10.38048529624939,18496.245071448848,0.0,sparse,False,velocity,10.0,,0.0000 ± 0.0000,,11.8906 ± 2.1587,3.6562 ± 0.5511,4.1719 ± 1.1396
08/22 18:24:09.782321,maze,hma2,15,True,,relative,relative,,644.7454767227173,20418.536108128435,13170.243082284927,-0.38065037,-0.009293013,0.97274846,1.3626919,,,,,0.1250 ± 0.3307,10.1016 ± 2.2038,,1419.5312 ± 242.7893,14.904193878173828,12882.280086356825,0.0,sparse,False,velocity,20.0,,0.0000 ± 0.0000,,12.0234 ± 1.8220,3.7969 ± 0.4394,4.1484 ± 1.0975
08/22 18:36:13.065760,maze,hma2,16,True,,relative,relative,continuous,496.8175332546234,43869.81981014189,1259.5469994544983,-0.4078495,-0.005115385,253.25659,253.66956,,,,,0.0000 ± 0.0000,1235.4050 ± 81.6204,,636.9375 ± 113.9052,11.258739233016968,17053.41921739761,1.0,dense,True,velocity,1.0,,0.9844 ± 0.1240,,0.1328 ± 1.4107,1.0234 ± 0.2641,1.0156 ± 0.1240
08/22 18:39:08.706331,maze,hma2,17,True,,relative,relative,continuous,561.2847466468811,30820.54727348451,2213.7546117305756,-0.39034587,-0.0056487527,3502.309,3502.705,,,,,0.0391 ± 0.1937,1194.6980 ± 190.5938,,1276.9531 ± 224.7014,12.827223539352417,14968.165122480834,1.0,dense,True,velocity,5.0,,0.8281 ± 0.3773,,1.0000 ± 3.3494,1.1484 ± 0.5875,1.3203 ± 0.8921
08/22 18:43:41.463489,maze,hma2,18,True,,relative,relative,continuous,560.4465665817261,102796.96598847029,1334.3170549869537,-0.35511148,-0.008613771,11171.21,11171.574,,,,,0.1016 ± 0.3021,957.3572 ± 158.1280,,1434.2969 ± 226.9006,12.883464813232422,14902.82333078595,1.0,dense,True,velocity,10.0,,0.0000 ± 0.0000,,5.5312 ± 2.8721,1.5625 ± 0.8173,3.7500 ± 0.8660
08/22 19:06:11.035539,maze,hma2,19,True,,relative,relative,continuous,466.31850576400757,53151.82789721652,5062.548378705978,-0.38457018,-0.008635279,32093.684,32094.076,,,,,0.0781 ± 0.2684,826.3357 ± 154.4187,,1445.0000 ± 224.5551,10.608047723770142,18099.46608458153,1.0,dense,True,velocity,20.0,,0.0000 ± 0.0000,,8.0469 ± 2.9044,2.0469 ± 0.8557,4.3594 ± 0.8636
08/22 16:07:43.552017,maze,hma2,2,True,,relative,relative,,560.1242308616638,31888.92091773013,4245.2473022937775,-0.32064047,-0.0061059985,10528.774,10529.102,,,,,0.1875 ± 0.3903,1132.6946 ± 219.4184,,1343.3594 ± 299.6776,12.784312009811401,15018.406923473738,0.0,dense,True,velocity,10.0,,0.2422 ± 0.4284,,2.7188 ± 3.8990,1.4531 ± 0.8557,2.2344 ± 1.1557
08/22 19:07:16.413936,maze,hma2,20,True,,relative,relative,continuous,489.59912753105164,44865.91841808044,1236.150535583496,-0.42989504,-0.007631357,386.0547,386.49222,,,,,0.0000 ± 0.0000,1090.2177 ± 60.3157,,1316.6719 ± 207.7609,11.045899868011475,17382.015254006154,1.0,dense,False,velocity,1.0,,0.5703 ± 0.4950,,0.8203 ± 0.9717,1.3828 ± 0.4861,1.4375 ± 0.5116
08/22 19:15:43.011746,maze,hma2,21,True,,relative,relative,continuous,552.1599113941193,100667.87864957348,689.6957807540894,-0.41044456,-0.008165343,1918.5203,1918.939,,,,,0.1484 ± 0.3555,605.7194 ± 102.2747,,1380.1172 ± 328.2253,12.655232667922974,15171.58988997962,1.0,dense,False,velocity,5.0,,0.0000 ± 0.0000,,11.1406 ± 2.0223,3.5781 ± 0.5675,4.6562 ± 0.9307
08/22 19:24:13.363501,maze,hma2,22,True,,relative,relative,continuous,562.9735300540924,31643.607935963257,4276.559611082077,-0.4164393,-0.0075832275,2397.6753,2398.0994,,,,,0.0938 ± 0.2915,591.3499 ± 76.0296,,1421.7188 ± 260.7654,13.005141973495483,14763.391310244559,1.0,dense,False,velocity,10.0,,0.0000 ± 0.0000,,11.6016 ± 1.6457,3.9375 ± 0.2724,4.6016 ± 1.0333
08/22 19:25:43.622387,maze,hma2,23,True,,relative,relative,continuous,557.778736114502,32098.772081714582,8383.113248109818,-0.4176655,-0.010953594,16845.932,16846.36,,,,,0.0625 ± 0.2421,522.0330 ± 96.5310,,1454.2188 ± 203.2571,12.731502294540405,15080.702619229352,1.0,dense,False,velocity,20.0,,0.0000 ± 0.0000,,12.6016 ± 2.1445,3.9219 ± 0.3448,3.9141 ± 1.2626
08/22 19:36:49.317888,maze,hma2,24,True,,relative,relative,continuous,588.9702687263489,86632.90872095549,641.3173551559448,-0.4600662,-0.0072154324,-0.465523,0.0017586063,,,,,0.0000 ± 0.0000,8.1406 ± 1.8487,,1500.0000 ± 0.0000,13.576154947280884,14142.443184066262,1.0,sparse,True,velocity,1.0,,0.0000 ± 0.0000,,13.9688 ± 1.8706,3.5703 ± 0.5256,2.8672 ± 1.0707
08/22 19:57:48.025692,maze,hma2,25,True,,relative,relative,continuous,560.464099407196,101177.0486480239,692.5344474315643,-0.41832575,-0.007528858,0.1725981,0.5984527,,,,,0.0938 ± 0.2915,12.1406 ± 3.0917,,1419.4922 ± 285.8211,12.930803298950195,14848.265460475126,1.0,sparse,True,velocity,5.0,,0.0000 ± 0.0000,,9.9297 ± 2.8592,2.9844 ± 0.8290,4.4141 ± 0.7555
08/22 19:59:29.187330,maze,hma2,26,True,,relative,relative,continuous,559.6164085865021,31581.30725231203,4264.567995071411,-0.41895646,-0.00950464,0.14983395,0.57829505,,,,,0.1016 ± 0.3021,10.4219 ± 2.3238,,1434.3750 ± 237.6537,12.76570749282837,15040.294484881739,1.0,sparse,True,velocity,10.0,,0.0000 ± 0.0000,,11.6250 ± 2.0842,3.7422 ± 0.5191,4.4141 ± 0.9963
08/22 20:19:07.405837,maze,hma2,27,True,,relative,relative,continuous,546.4224629402161,104334.28086039695,2597.5794026851654,-0.4243835,-0.00927175,0.755641,1.1892962,,,,,0.0859 ± 0.2803,10.0938 ± 2.2130,,1428.5938 ± 253.2869,12.590990543365479,15248.998824891487,1.0,sparse,True,velocity,20.0,,0.0000 ± 0.0000,,11.8828 ± 1.9749,3.7969 ± 0.4737,4.2891 ± 0.9450
08/22 20:33:36.195696,maze,hma2,28,True,,relative,relative,continuous,700.6741969585419,17165.610194394303,3149.1525123119354,-0.46592182,-0.003760016,-0.4677913,0.0018905266,,,,,0.0000 ± 0.0000,4.7422 ± 2.5958,,1500.0000 ± 0.0000,16.315266847610474,11768.118890934365,1.0,sparse,False,velocity,1.0,,0.0000 ± 0.0000,,17.3438 ± 2.6084,4.2891 ± 0.8019,2.3359 ± 1.0022
08/22 20:38:47.669342,maze,hma2,29,True,,relative,relative,continuous,467.6672079563141,51650.52123566996,1325.3441812992096,-0.44544572,-0.009158909,-0.16992843,0.2846762,,,,,0.0859 ± 0.2803,9.5391 ± 1.8871,,1451.6797 ± 184.9010,10.488762617111206,18305.30511642757,1.0,sparse,False,velocity,5.0,,0.0000 ± 0.0000,,12.5000 ± 1.8583,3.8984 ± 0.3500,3.8516 ± 1.1463
08/22 16:07:41.785105,maze,hma2,3,True,,relative,relative,,559.1115777492523,31622.870913031482,8490.069316864014,-0.33563784,-0.005631822,30999.137,30999.477,,,,,0.1406 ± 0.3476,1030.4510 ± 268.3750,,1388.4375 ± 313.4148,12.64119577407837,15188.436555480695,0.0,dense,True,velocity,20.0,,0.0078 ± 0.0880,,4.3750 ± 4.7401,1.9688 ± 0.9515,2.5469 ± 0.8914
08/22 20:45:12.902685,maze,hma2,30,True,,relative,relative,continuous,559.3548810482025,31757.209486063464,4260.779657363892,-0.44294608,-0.009484574,0.12163852,0.57406914,,,,,0.0547 ± 0.2274,8.0312 ± 1.7227,,1470.7031 ± 152.0392,12.68392276763916,15137.272870334315,1.0,sparse,False,velocity,10.0,,0.0000 ± 0.0000,,14.0625 ± 1.6944,3.6797 ± 0.4990,2.8672 ± 0.8326
08/22 21:09:12.528146,maze,hma2,31,True,,relative,relative,continuous,464.894154548645,53280.844222797015,5038.297020196915,-0.43252507,-0.006596954,0.47174576,0.9108678,,,,,0.0781 ± 0.2684,6.8438 ± 2.1339,,1430.9375 ± 262.0575,10.53531813621521,18224.41406301714,1.0,sparse,False,velocity,20.0,,0.0000 ± 0.0000,,15.3438 ± 2.1666,3.5391 ± 0.6720,2.3984 ± 0.9129
08/22 21:11:53.533375,maze,hma2,32,True,,relative,relative,discrete,574.3373045921326,86875.53645973235,641.0643751621246,-0.40189922,-0.005097366,348.71234,349.1194,,,,,0.0234 ± 0.1513,1215.7321 ± 110.5642,,590.2109 ± 66.3130,13.238713026046753,14502.920308208662,2.0,dense,True,velocity,1.0,,0.9766 ± 0.1513,,0.2969 ± 2.0818,1.0547 ± 0.4385,1.0547 ± 0.4013
08/22 21:20:13.598008,maze,hma2,33,True,,relative,relative,discrete,562.2103848457336,30896.58259838255,2213.102642059326,-0.35732412,-0.0048649535,6799.885,6800.247,,,,,0.2109 ± 0.4080,1089.5105 ± 270.8571,,1209.7656 ± 342.7331,12.784528017044067,15018.153172649752,2.0,dense,True,velocity,5.0,,0.5625 ± 0.4961,,2.7422 ± 5.0887,1.5312 ± 1.0454,1.7891 ± 1.1156
08/22 21:32:36.500476,maze,hma2,34,True,,relative,relative,discrete,560.4111833572388,102753.48424698367,1333.9620821475983,-0.40102252,-0.00679894,14695.75,14696.157,,,,,0.1172 ± 0.3216,1161.0471 ± 236.7141,,1327.1875 ± 312.6923,12.89585828781128,14888.501076463579,2.0,dense,True,velocity,10.0,,0.4453 ± 0.4970,,2.0156 ± 4.2481,1.4062 ± 0.9307,1.7344 ± 0.9227
08/22 21:38:06.584151,maze,hma2,35,True,,relative,relative,discrete,644.6696009635925,20361.10622362076,13207.01688671112,-0.4026461,-0.0075849867,33625.406,33625.812,,,,,0.1250 ± 0.3307,1069.7344 ± 229.5688,,1393.1250 ± 301.3246,14.854925155639648,12925.006217692555,2.0,dense,True,velocity,20.0,,0.0859 ± 0.2803,,3.7031 ± 4.1802,1.8125 ± 0.8905,2.5938 ± 0.9556
08/22 21:55:05.057517,maze,hma2,36,True,,relative,relative,discrete,600.0203535556793,25114.79332746903,2157.229925632477,-0.4200635,-0.0062259226,518.7433,519.16956,,,,,0.0391 ± 0.1937,998.4153 ± 124.1178,,1457.2422 ± 223.5848,13.663696527481079,14051.83433442337,2.0,dense,False,velocity,1.0,,0.0000 ± 0.0000,,2.4688 ± 2.4429,2.0547 ± 0.4204,2.0859 ± 0.3069
08/22 22:04:38.227510,maze,hma2,37,True,,relative,relative,discrete,560.367333650589,100075.18764349783,693.2420017719269,-0.41142437,-0.0061825197,3045.9688,3046.3867,,,,,0.2422 ± 0.4284,671.1269 ± 121.2561,,1313.2031 ± 385.1241,12.887205839157104,14898.497191425156,2.0,dense,False,velocity,5.0,,0.0000 ± 0.0000,,10.0000 ± 2.4717,3.1328 ± 0.4026,3.8047 ± 0.7609
08/22 22:05:53.936597,maze,hma2,38,True,,relative,relative,discrete,559.632383108139,31665.37572109146,4269.056133747101,-0.42932612,-0.009403242,7436.9062,7437.3457,,,,,0.1719 ± 0.3773,668.8448 ± 155.2240,,1363.8281 ± 361.2827,13.07310700416565,14686.638756863278,2.0,dense,False,velocity,10.0,,0.0000 ± 0.0000,,11.1719 ± 2.7531,3.5156 ± 0.5993,4.3125 ± 1.0662
08/22 22:06:49.201677,maze,hma2,39,True,,relative,relative,discrete,558.731517791748,32122.23467940829,8382.38874220848,-0.43862018,-0.0073527656,7575.3433,7575.789,,,,,0.1797 ± 0.3839,556.5853 ± 124.4464,,1336.0938 ± 391.8391,12.714218378067017,15101.203573096907,2.0,dense,False,velocity,20.0,,0.0000 ± 0.0000,,12.2266 ± 2.4629,4.0156 ± 0.3303,4.3672 ± 1.0816
08/22 16:07:41.794272,maze,hma2,4,True,,relative,relative,,599.8172307014465,24949.475130451472,2162.7163710594177,-0.35627463,-0.0077527505,445.21008,445.5741,,,,,0.0391 ± 0.1937,1123.9175 ± 99.6111,,840.5078 ± 110.4165,13.790816068649292,13922.308806400097,0.0,dense,False,velocity,1.0,,0.9609 ± 0.1937,,0.3203 ± 1.9159,1.0547 ± 0.4013,1.0938 ± 0.5367
08/22 22:14:46.135955,maze,hma2,40,True,,relative,relative,discrete,700.7287051677704,17212.65385685343,3145.878992319107,-0.4218976,-0.007887481,-0.22447118,0.20531389,,,,,0.0391 ± 0.1937,21.5469 ± 2.5613,,649.3359 ± 81.4643,16.198708057403564,11852.797107004288,2.0,sparse,True,velocity,1.0,,0.9609 ± 0.1937,,0.4141 ± 2.3931,1.0625 ± 0.4463,1.0703 ± 0.4180
08/22 22:25:57.861379,maze,hma2,41,True,,relative,relative,discrete,560.9390273094177,100143.83214366937,696.2108535766602,-0.39090058,-0.008091981,0.40862754,0.8076201,,,,,0.1328 ± 0.3394,16.2578 ± 5.0856,,1370.2344 ± 357.8259,12.954914093017578,14820.630891214007,2.0,sparse,True,velocity,5.0,,0.0234 ± 0.1513,,5.6797 ± 4.7876,1.8203 ± 1.1141,3.1094 ± 0.9701
08/22 22:41:25.756524,maze,hma2,42,True,,relative,relative,discrete,466.2062702178955,52757.56331703375,2570.060655117035,-0.38703066,-0.00943661,1.2166834,1.6131506,,,,,0.1953 ± 0.3964,13.4062 ± 4.3110,,1327.5781 ± 395.1735,10.511593580245972,18265.546373560155,2.0,sparse,True,velocity,10.0,,0.0000 ± 0.0000,,8.5938 ± 3.9891,2.2891 ± 1.1191,4.2734 ± 0.9578
08/22 22:41:23.341994,maze,hma2,43,True,,relative,relative,discrete,557.337424993515,32225.255923974582,8385.087845087051,-0.39648688,-0.009316527,4.316201,4.722005,,,,,0.1406 ± 0.3476,13.8750 ± 3.3354,,1411.8750 ± 264.5331,12.783665657043457,15019.166266618773,2.0,sparse,True,velocity,20.0,,0.0000 ± 0.0000,,8.0938 ± 3.0808,2.1406 ± 1.1092,4.4219 ± 0.8442
08/22 22:47:21.457887,maze,hma2,44,True,,relative,relative,discrete,584.9290299415588,86099.44911155861,640.748405456543,-0.46536893,-0.004009637,-0.46561426,0.0037643109,,,,,0.0078 ± 0.0880,10.2500 ± 3.1150,,1497.8203 ± 24.5638,13.471240520477295,14252.584957424346,2.0,sparse,False,velocity,1.0,,0.0000 ± 0.0000,,12.0625 ± 3.1493,3.5703 ± 0.6210,4.3672 ± 1.1981
08/22 23:08:15.217974,maze,hma2,45,True,,relative,relative,discrete,549.6174285411835,100915.21299168143,691.4684119224548,-0.4497022,-0.010006765,-0.08023765,0.3794713,,,,,0.0781 ± 0.2684,10.3125 ± 2.0719,,1434.4141 ± 248.9255,12.82323145866394,14972.824955933891,2.0,sparse,False,velocity,5.0,,0.0000 ± 0.0000,,11.8203 ± 1.7960,3.8906 ± 0.3999,4.3984 ± 0.8780
08/22 23:19:15.763782,maze,hma2,46,True,,relative,relative,discrete,644.4597454071045,20217.25635461787,6655.439281463623,-0.44662154,-0.01056933,0.36612874,0.8233197,,,,,0.0938 ± 0.2915,10.3203 ± 1.9958,,1447.5781 ± 223.4591,14.868866443634033,12912.887524267393,2.0,sparse,False,velocity,10.0,,0.0000 ± 0.0000,,11.8438 ± 1.7475,3.8281 ± 0.4350,4.2812 ± 0.9432
08/22 23:26:51.432682,maze,hma2,47,True,,relative,relative,discrete,558.3716058731079,32068.178631670777,8390.387783288956,-0.44449335,-0.006986495,1.5977157,2.0491955,,,,,0.0938 ± 0.2915,9.8516 ± 2.5711,,1414.6875 ± 297.9879,12.774420261383057,15030.036281209103,2.0,sparse,False,velocity,20.0,,0.0000 ± 0.0000,,12.3125 ± 2.3142,3.8594 ± 0.4798,4.1562 ± 1.0034
08/22 16:34:51.160592,maze,hma2,5,True,,relative,relative,,466.2906234264374,51943.940221563455,1325.181208372116,-0.3693812,0.00041470208,4252.663,4253.032,,,,,0.1953 ± 0.3964,703.8280 ± 100.1992,,1380.6250 ± 305.1953,10.498269319534302,18288.728756723973,0.0,dense,False,velocity,5.0,,0.0000 ± 0.0000,,9.6328 ± 1.9520,3.1016 ± 0.3921,3.9531 ± 0.6830
08/22 16:36:52.045708,maze,hma2,6,True,,relative,relative,,457.25911474227905,54143.106011472424,2509.1251859664917,-0.3705801,-2.2113214e-05,15809.275,15809.6455,,,,,0.1484 ± 0.3555,696.7664 ± 99.9285,,1402.6562 ± 273.0055,10.250695943832397,18730.435577451877,0.0,dense,False,velocity,10.0,,0.0000 ± 0.0000,,10.6875 ± 1.8017,3.4219 ± 0.5245,4.6562 ± 0.8700
08/22 16:54:04.419377,maze,hma2,7,True,,relative,relative,,565.0206081867218,32151.94004163998,8424.207239866257,-0.37179473,-0.008695415,6246.9043,6247.285,,,,,0.0859 ± 0.2803,616.2292 ± 61.0899,,1451.4062 ± 201.2101,13.13649296760559,14615.773058568167,0.0,dense,False,velocity,20.0,,0.0000 ± 0.0000,,11.3828 ± 1.1328,3.9844 ± 0.1761,4.7109 ± 0.6749
08/22 17:05:32.090215,maze,hma2,8,True,,relative,relative,,493.6539762020111,44172.46940712206,1251.6900789737701,-0.34413135,-0.0074033383,-0.22310887,0.1284258,,,,,0.0078 ± 0.0880,21.8438 ± 1.5178,,589.7500 ± 95.9817,11.089434385299683,17313.777540766012,0.0,sparse,True,velocity,1.0,,0.9844 ± 0.1240,,0.1484 ± 1.4312,1.0312 ± 0.2778,1.0234 ± 0.1962
08/22 17:16:03.995557,maze,hma2,9,True,,relative,relative,,646.523698091507,19830.36234835144,3406.7872443199158,-0.34893423,-0.0078018946,1.0917754,1.4485114,,,,,0.1406 ± 0.3476,18.9062 ± 4.3847,,1377.3828 ± 279.3155,14.92635726928711,12863.151841813715,0.0,sparse,True,velocity,5.0,,0.2656 ± 0.4417,,3.0312 ± 4.1021,1.5859 ± 0.8885,2.2891 ± 1.0908
08/12 03:04:59.331607,maze,hma3,0,,,,,,1410.498258113861,25452.10145897125,5175.885893821716,-0.14237055,-0.0077647488,211.7675,211.91765,,,,,0.2422 ± 0.4284,292.5651 ± 84.8040,,1246.1719 ± 484.9465,13.604215145111084,14113.272831398775,,dense,True,velocity,1.0,,0.0000 ± 0.0000,/nfs/nhome/live/aoomerjee/MSc-Thesis/hct/training/hyperparam_sweeps/hma/mid_level/runs/33,17.6953 ± 1.4062,4.0547 ± 0.7737,1.4688 ± 0.8472
08/12 03:04:59.332108,maze,hma3,1,,,,,,1356.0320932865143,30727.096655505786,5379.890342712402,-0.17198566,-0.0062067527,2783.6172,2783.7952,,,,,0.6641 ± 0.4723,265.8137 ± 112.1709,,880.9375 ± 542.9052,13.115295171737671,14639.396024707354,,dense,True,velocity,2.0,,0.0000 ± 0.0000,/nfs/nhome/live/aoomerjee/MSc-Thesis/hct/training/hyperparam_sweeps/hma/mid_level/runs/33,18.0547 ± 1.9737,4.4141 ± 0.7451,2.0781 ± 1.1012
08/12 03:04:59.258384,maze,hma3,2,,,,,,1337.4227621555328,32210.697181803618,10377.19035744667,-0.16440931,-0.0066603166,4134.8145,4134.9863,,,,,0.6641 ± 0.4723,245.6756 ± 104.9127,,916.7969 ± 522.1708,13.014971256256104,14752.241570084794,,dense,True,velocity,3.0,,0.0000 ± 0.0000,/nfs/nhome/live/aoomerjee/MSc-Thesis/hct/training/hyperparam_sweeps/hma/mid_level/runs/33,18.5000 ± 1.6910,4.6562 ± 0.5921,2.0000 ± 1.2247
08/12 03:05:02.928188,maze,hma3,3,,,,,,1099.122974872589,54118.12036028161,12276.123871088028,-0.15213567,-0.0049646357,8478.067,8478.225,,,,,0.5938 ± 0.4911,239.9041 ± 101.1684,,1002.6562 ± 523.3269,10.485041618347168,18311.801420418808,,dense,False,velocity,1.0,,0.0000 ± 0.0000,/nfs/nhome/live/aoomerjee/MSc-Thesis/hct/training/hyperparam_sweeps/hma/mid_level/runs/33,18.6328 ± 1.6904,4.6484 ± 0.6071,2.0625 ± 1.2484
08/12 03:05:04.793002,maze,hma3,4,,,,,,1112.207136631012,54098.94375385088,30582.992789030075,-0.15292381,-0.0048551755,21997.602,21997.762,,,,,0.3984 ± 0.4896,185.0542 ± 101.5488,,1216.0156 ± 440.9212,10.470206022262573,18337.748043520303,,dense,False,velocity,2.0,,0.0000 ± 0.0000,/nfs/nhome/live/aoomerjee/MSc-Thesis/hct/training/hyperparam_sweeps/hma/mid_level/runs/33,19.5391 ± 1.4943,4.8828 ± 0.3670,2.6250 ± 1.3693
08/12 05:01:36.182032,maze,hma3,5,,,,,,1438.8775675296783,24827.080429442394,13278.898985147476,-0.15919566,-0.067130625,273.87366,274.09998,,,,,0.2969 ± 0.4569,312.4693 ± 96.0501,,1228.9531 ± 487.1331,13.737405061721802,13976.438718764499,,dense,False,velocity,3.0,,0.0000 ± 0.0000,/nfs/nhome/live/aoomerjee/MSc-Thesis/hct/training/hyperparam_sweeps/hma/mid_level/runs/33,17.3516 ± 1.7029,4.1562 ± 0.7228,1.7734 ± 0.9032
08/12 06:19:43.269228,maze,hma3,6,,,,,,1115.0759801864624,51726.60031131566,6457.144765853882,-0.16638994,-0.03478668,2903.8818,2904.083,,,,,0.7188 ± 0.4496,311.7468 ± 133.1393,,856.8750 ± 540.2813,10.578559398651123,18149.919357117946,,sparse,True,velocity,1.0,,0.0000 ± 0.0000,/nfs/nhome/live/aoomerjee/MSc-Thesis/hct/training/hyperparam_sweeps/hma/mid_level/runs/33,17.2266 ± 2.4661,4.1406 ± 0.8360,2.2734 ± 1.0512
