Model Variant ID,position_goals,velocity_goals,reward_goal_reached,unhealthy_cost,air_probability,distance_reward,eval/walltime,training/sps,training/walltime,training/entropy_loss,training/policy_loss,training/total_loss,training/v_loss,eval/episode_goal_distance_relative_frame_normalised,eval/episode_goal_distance_root_normalised,eval/episode_goal_distance_world_frame,eval/episode_is_unhealthy,eval/episode_reward,eval/avg_episode_length,eval/epoch_eval_time,eval/sps,goal_root_pos_masked
0,True,,0,0,0.1,absolute,1324.3175065517426,100640.10160158401,3457.4540367126465,0.017608866,-0.00029088344,2352.0498,2352.0322,0.0194 ± 0.0187,0.0171 ± 0.0186,2.0162 ± 1.7581,0.1016 ± 0.3021,-3719.5837 ± 5526.6494,342.4297 ± 405.2806,8.291884183883667,15436.78097298854,
1,True,,0,0,0.1,relative,1314.3219623565674,100703.95269206133,3450.646903991699,0.005238834,-0.00033050525,1.3904978,1.3855895,0.0193 ± 0.0153,0.0153 ± 0.0156,1.7423 ± 1.6545,0.1328 ± 0.3394,21.8996 ± 8.4141,421.1172 ± 409.1003,8.429523706436157,15184.725075542372,
2,True,,0,0,0.3,absolute,784.8713231086731,159354.49448158313,2164.8030767440796,0.0120890075,-0.00049003254,1832.6237,1832.6123,0.0205 ± 0.0153,0.0177 ± 0.0153,2.1088 ± 1.4877,0.1172 ± 0.3216,-3786.4058 ± 4823.2656,470.3750 ± 446.7591,5.113702297210693,25030.788372216848,
3,True,,0,0,0.3,relative,773.4677488803864,160306.32563033534,2148.3561992645264,0.0034116022,3.1797215e-05,1.4238751,1.4204316,0.0213 ± 0.0157,0.0174 ± 0.0160,1.8950 ± 1.5740,0.1641 ± 0.3703,21.7724 ± 8.4466,507.8750 ± 425.7942,5.042078256607056,25386.357268904132,
4,True,,0,-1,0.1,absolute,775.258768081665,160287.49911494495,2152.7651998996735,0.018955773,-0.00015876017,2059.6719,2059.6533,0.0186 ± 0.0155,0.0160 ± 0.0155,1.9832 ± 1.5708,0.0469 ± 0.2114,-3560.1560 ± 4686.8491,361.6172 ± 415.8654,5.050705671310425,25342.99330231807,
5,True,,0,-1,0.1,relative,709.4465942382812,103416.24643506946,3334.5618476867676,0.0002759902,-0.00069613993,1.9776661,1.9780862,0.0181 ± 0.0163,0.0141 ± 0.0167,1.5762 ± 1.7543,0.0078 ± 0.0880,15.2454 ± 18.1207,430.9141 ± 375.3100,4.522061586380005,28305.67376294103,
6,True,,0,-1,0.3,absolute,700.3959126472473,104340.09924553383,3307.1814200878143,0.0116013,-0.0008315846,1990.8201,1990.8092,0.0197 ± 0.0144,0.0172 ± 0.0142,2.0110 ± 1.4700,0.0234 ± 0.1513,-3251.8792 ± 3558.9341,471.2969 ± 441.4478,4.590038776397705,27886.47465424144,
7,True,,0,-1,0.3,relative,875.6378860473633,259531.40701229483,1334.0750939846039,-0.00044556073,-0.0003046327,1.9388145,1.939565,0.0227 ± 0.0173,0.0187 ± 0.0178,2.0350 ± 1.8767,0.0000 ± 0.0000,13.6793 ± 18.4976,563.8906 ± 409.2715,5.707675218582153,22425.943155153203,
8,True,,50,0,0.1,absolute,781.8828604221344,159851.13804316247,2160.0834493637085,0.025426783,0.000120079945,2551.6833,2551.6577,0.0254 ± 0.0436,0.0234 ± 0.0438,2.7155 ± 3.5605,0.0781 ± 0.2684,-3805.4902 ± 6689.3452,296.8594 ± 390.1043,5.088656187057495,25153.988655306606,
9,True,,50,0,0.1,relative,872.7145595550537,103937.17378511402,3321.9843516349792,0.01943346,0.0017264192,49.409462,49.388298,0.0728 ± 0.1172,0.0715 ± 0.1176,6.6412 ± 9.6052,0.1875 ± 0.3903,50.5945 ± 32.6695,377.9375 ± 435.9052,5.606656074523926,22830.007458745145,
10,True,,50,0,0.3,absolute,876.413074016571,258025.68891650968,1342.1979913711548,0.019529022,-0.00050030276,2383.8337,2383.815,0.0262 ± 0.0394,0.0240 ± 0.0394,2.6301 ± 3.3117,0.1250 ± 0.3307,-4274.0039 ± 6075.3071,460.3906 ± 447.6099,5.717212438583374,22388.53311382569,
11,True,,50,0,0.3,relative,635.0369257926941,160293.0352379117,2147.163345813751,0.0044860467,0.0013479356,59.769485,59.763653,0.0792 ± 0.1136,0.0776 ± 0.1142,7.0321 ± 9.3794,0.1875 ± 0.3903,45.5415 ± 33.6740,470.0078 ± 453.8895,4.2049901485443115,30440.023752329405,
12,True,,50,-1,0.1,absolute,846.7359836101532,266607.1661153368,1300.8735501766205,0.020382218,-2.8724784e-05,2598.9133,2598.893,0.0195 ± 0.0165,0.0169 ± 0.0161,2.2500 ± 1.6097,0.0781 ± 0.2684,-3504.6189 ± 4354.0752,373.6797 ± 425.5652,5.52189564704895,23180.445300230665,
13,True,,50,-1,0.1,relative,774.7748055458069,160231.81999271584,2154.1792838573456,0.018508542,0.0016545494,49.479145,49.458977,0.0367 ± 0.0546,0.0350 ± 0.0548,3.6936 ± 4.5686,0.0234 ± 0.1513,29.8780 ± 69.0759,361.2109 ± 426.2880,5.040319442749023,25395.215810009842,
14,True,,50,-1,0.3,absolute,783.5678870677948,159855.7409761646,2151.442096233368,0.019924412,0.00018924994,2402.5415,2402.5212,0.0205 ± 0.0152,0.0179 ± 0.0148,2.1502 ± 1.4876,0.0234 ± 0.1513,-3499.7759 ± 4207.4888,464.8750 ± 450.5887,5.095948219299316,25117.994628603148,
15,True,,50,-1,0.3,relative,727.0822308063507,104365.76128946937,3297.471714735031,0.0077496553,0.0016384649,58.5398,58.530407,0.0401 ± 0.0576,0.0383 ± 0.0578,3.8979 ± 4.8241,0.0234 ± 0.1513,21.0820 ± 68.9550,488.9844 ± 451.3788,4.647076606750488,27544.19839218127,
16,True,,100,0,0.1,absolute,766.5161528587341,97133.0532455189,3526.7445051670074,0.025694814,0.00012863002,3074.3044,3074.2788,0.0498 ± 0.0839,0.0480 ± 0.0845,4.6481 ± 6.8629,0.1641 ± 0.3703,-5286.6299 ± 8728.1436,336.2031 ± 415.9674,4.760210752487183,26889.565747298213,
17,True,,100,0,0.1,relative,872.5939218997955,258838.0947705256,1337.8222155570984,0.01258646,0.0019343621,163.38391,163.36938,0.0834 ± 0.1251,0.0821 ± 0.1256,7.6401 ± 10.3163,0.1875 ± 0.3903,82.4081 ± 57.2850,394.8594 ± 438.9287,5.694132566452026,22479.279944083897,
18,True,,100,0,0.3,absolute,785.3932514190674,159726.18198556922,2155.4845633506775,0.017438147,-6.005993e-05,2912.4587,2912.4412,0.0586 ± 0.0896,0.0568 ± 0.0901,5.2737 ± 7.3178,0.1328 ± 0.3394,-5986.8057 ± 8720.9219,481.5156 ± 453.2245,5.112050771713257,25038.874947852284,
19,True,,100,0,0.3,relative,777.1698160171509,160067.983874086,2157.930114507675,-0.0012392349,0.0015340156,211.31694,211.31664,0.0818 ± 0.1166,0.0803 ± 0.1171,7.3983 ± 9.6019,0.1484 ± 0.3555,75.6441 ± 58.0559,472.5859 ± 448.4388,5.04617714881897,25365.736521944676,
20,True,,100,-1,0.1,absolute,696.8083958625793,106354.01710056675,3255.7411830425262,0.02850186,0.00085534295,2996.9446,2996.9153,0.0203 ± 0.0236,0.0180 ± 0.0234,2.4098 ± 2.0545,0.0547 ± 0.2274,-3717.7319 ± 5868.5439,343.1484 ± 419.4544,4.475283145904541,28601.54225484849,
21,True,,100,-1,0.1,relative,786.449462890625,159507.90956120484,2159.2418925762177,0.016038321,0.0016175152,162.70013,162.68248,0.0629 ± 0.1069,0.0615 ± 0.1074,5.9013 ± 8.8895,0.0078 ± 0.0880,57.3891 ± 102.6310,356.5625 ± 426.7390,5.117132663726807,25014.0085105352,
22,True,,100,-1,0.3,absolute,775.8187303543091,160471.60849593283,2153.8077120780945,0.015346365,-0.0004902519,3177.138,3177.1228,0.0208 ± 0.0155,0.0189 ± 0.0149,2.4054 ± 1.4417,0.0469 ± 0.2114,-3619.5737 ± 4525.0537,459.6406 ± 447.8973,5.049196004867554,25350.570640673235,
23,True,,100,-1,0.3,relative,851.0904750823975,265306.2633757203,1305.4588043689728,0.0015680653,0.0011388467,207.78142,207.77872,0.0749 ± 0.0993,0.0735 ± 0.0997,6.7834 ± 8.2093,0.0547 ± 0.2274,28.1183 ± 110.1722,526.1094 ± 454.3875,5.561466217041016,23015.513356494423,
24,True,root,0,0,0.1,absolute,779.5165586471558,156721.18473568867,2196.868071079254,0.032786846,0.0010267142,513.01385,512.98004,0.2250 ± 0.0553,0.2248 ± 0.0554,11.4388 ± 2.7086,0.2812 ± 0.4496,-13897.1670 ± 4112.3877,1000.0000 ± 0.0000,5.06062912940979,25293.297873999385,
25,True,root,0,0,0.1,relative,774.3257339000702,157122.90726365813,2192.107270717621,0.011073782,-0.0024450792,0.38823268,0.37960395,0.2249 ± 0.0557,0.2246 ± 0.0558,11.3589 ± 2.6927,0.2656 ± 0.4417,15.0692 ± 7.2707,1000.0000 ± 0.0000,5.032623291015625,25434.051507194876,
26,True,root,0,0,0.3,absolute,780.2782828807831,156707.19820274005,2198.5229539871216,0.016538452,0.0004888198,564.32983,564.3128,0.2225 ± 0.0534,0.2223 ± 0.0535,11.4794 ± 2.6186,0.2734 ± 0.4457,-13760.8916 ± 3580.4583,1000.0000 ± 0.0000,5.0705273151397705,25243.922780538585,
27,True,root,0,0,0.3,relative,790.4803440570831,155713.32466357254,2215.2793362140656,0.0144630335,-0.0011997712,0.44535202,0.43208873,0.2221 ± 0.0525,0.2219 ± 0.0526,11.3471 ± 2.5853,0.1641 ± 0.3703,15.0977 ± 7.2987,1000.0000 ± 0.0000,5.133271932601929,24935.3631914684,
28,True,root,0,-1,0.1,absolute,874.6671190261841,256408.23565388354,1348.7487485408783,0.010737156,-0.00010309249,1255.7749,1255.7643,0.2241 ± 0.0555,0.2239 ± 0.0556,11.7697 ± 2.9500,0.0469 ± 0.2114,-14087.2676 ± 4326.5098,1000.0000 ± 0.0000,5.7291388511657715,22341.9266534192,
29,True,root,0,-1,0.1,relative,781.3476574420929,156492.34594772942,2201.169425725937,-0.012647549,-0.0017853755,0.88302714,0.89746004,0.2308 ± 0.0597,0.2305 ± 0.0598,11.9447 ± 4.8549,0.0000 ± 0.0000,10.1552 ± 12.5288,1000.0000 ± 0.0000,5.077960729598999,25206.969257146662,
30,True,root,0,-1,0.3,absolute,773.38560795784,157383.58887405635,2191.048006296158,0.01505226,-0.00021571427,1035.6604,1035.6456,0.2225 ± 0.0547,0.2223 ± 0.0547,11.5646 ± 2.7235,0.0859 ± 0.2803,-13778.4541 ± 3389.4373,1000.0000 ± 0.0000,5.022392988204956,25485.859091593753,
31,True,root,0,-1,0.3,relative,785.0547397136688,156675.82374259032,2196.207417011261,-0.013492824,-0.0024193744,0.679119,0.6950312,0.2284 ± 0.0578,0.2282 ± 0.0579,11.5203 ± 2.8375,0.0000 ± 0.0000,9.5104 ± 13.0573,1000.0000 ± 0.0000,5.105483531951904,25071.082728781937,
32,True,root,50,0,0.1,absolute,774.8850057125092,156983.04420812792,2195.4957559108734,0.030829504,0.0010326621,679.5791,679.5473,0.2239 ± 0.0552,0.2236 ± 0.0553,11.6908 ± 3.2276,0.2344 ± 0.4236,-14033.8574 ± 4126.4902,1000.0000 ± 0.0000,5.0444090366363525,25374.627448005544,
33,True,root,50,0,0.1,relative,790.8660304546356,155729.46854032943,2218.5257387161255,0.017557144,-0.00028721837,0.46973047,0.4524606,0.2204 ± 0.0548,0.2201 ± 0.0550,11.2912 ± 2.7594,0.3125 ± 0.4635,15.1368 ± 7.1773,1000.0000 ± 0.0000,5.139933109283447,24903.047817648418,
34,True,root,50,0,0.3,absolute,776.126603603363,156595.79847187392,2199.933087348938,0.010205512,6.372316e-05,1147.5347,1147.5244,0.2252 ± 0.0565,0.2249 ± 0.0566,11.9839 ± 4.0384,0.2422 ± 0.4284,-14430.1641 ± 4924.7837,1000.0000 ± 0.0000,5.040992498397827,25391.825129809673,
35,True,root,50,0,0.3,relative,872.8249151706696,255769.43120058833,1350.2747287750244,0.017906696,0.0007946047,0.5002138,0.4815125,0.2160 ± 0.0531,0.2158 ± 0.0532,11.1803 ± 2.6317,0.2031 ± 0.4023,15.2645 ± 7.2180,1000.0000 ± 0.0000,5.688493251800537,22501.564884424377,
36,True,root,50,-1,0.1,absolute,845.0995268821716,262950.16443229205,1312.7332742214203,0.044667765,0.0011749034,410.66415,410.6183,0.2223 ± 0.0544,0.2220 ± 0.0545,11.2098 ± 2.6766,0.0625 ± 0.2421,-13662.1064 ± 3831.6462,1000.0000 ± 0.0000,5.526835680007935,23159.726000722396,
37,True,root,50,-1,0.1,relative,787.5370826721191,155851.7008946443,2208.0997319221497,-0.0092130825,-0.0025480965,0.7196409,0.7314021,0.2263 ± 0.0552,0.2261 ± 0.0553,11.3648 ± 2.7183,0.0000 ± 0.0000,10.5164 ± 12.3305,1000.0000 ± 0.0000,5.12049412727356,24997.587502000406,
38,True,root,50,-1,0.3,absolute,785.6198647022247,156698.81871110984,2204.141514778137,0.01290232,-0.00042702607,1040.1829,1040.1703,0.2237 ± 0.0549,0.2235 ± 0.0549,11.5712 ± 2.7121,0.0781 ± 0.2684,-13819.4336 ± 3535.0312,1000.0000 ± 0.0000,5.107254505157471,25062.389170295206,
39,True,root,50,-1,0.3,relative,775.4233446121216,156747.24734321673,2200.817663192749,-0.013401258,-0.0030808032,0.8091424,0.8256245,0.2288 ± 0.0564,0.2285 ± 0.0565,11.5696 ± 2.8490,0.0078 ± 0.0880,7.4377 ± 15.0286,1000.0000 ± 0.0000,5.050551891326904,25343.764949689736,
40,True,root,100,0,0.1,absolute,773.3740887641907,156695.93471934588,2194.9207541942596,0.011992034,-0.001027175,877.8832,877.87225,0.2238 ± 0.0566,0.2235 ± 0.0567,11.8604 ± 3.1362,0.2344 ± 0.4236,-14371.9980 ± 4596.2432,1000.0000 ± 0.0000,5.027918815612793,25457.84939934429,
41,True,root,100,0,0.1,relative,784.5787174701691,155856.33391482363,2211.090388774872,0.01028084,0.015899194,0.38684934,0.3606693,0.2252 ± 0.0553,0.2249 ± 0.0554,11.3243 ± 2.7668,0.2344 ± 0.4236,15.1037 ± 7.3431,1000.0000 ± 0.0000,5.112873792648315,25034.844432117272,
42,True,root,100,0,0.3,absolute,789.4587562084198,155505.66619422054,2216.4402754306793,0.020761047,-0.00038811934,712.2767,712.2562,0.2254 ± 0.0551,0.2252 ± 0.0552,12.3747 ± 3.4534,0.2031 ± 0.4023,-15041.9473 ± 5496.0928,1000.0000 ± 0.0000,5.129916191101074,24951.67469247219,
43,True,root,100,0,0.3,relative,846.1327860355377,262515.37537749764,1321.0068452358246,0.015677307,0.00020906163,0.40205935,0.38617298,0.2207 ± 0.0553,0.2205 ± 0.0554,11.3213 ± 2.7521,0.1875 ± 0.3903,15.1235 ± 7.3026,1000.0000 ± 0.0000,5.521716594696045,23181.196971056434,
44,True,root,100,-1,0.1,absolute,875.0064516067505,255528.57506117414,1354.1913113594055,0.014823707,-0.0004856908,931.6457,931.63135,0.2204 ± 0.0550,0.2201 ± 0.0551,11.4358 ± 2.6851,0.0703 ± 0.2557,-13876.6201 ± 4426.8438,1000.0000 ± 0.0000,5.710951566696167,22413.077488949722,
45,True,root,100,-1,0.1,relative,681.2245733737946,102966.90799423381,3350.0852172374725,-0.011171834,-0.0013335424,0.8383576,0.8508629,0.2282 ± 0.0554,0.2279 ± 0.0555,11.5885 ± 2.6683,0.0000 ± 0.0000,8.9411 ± 12.6112,1000.0000 ± 0.0000,4.337942123413086,29507.078784926205,
46,True,root,100,-1,0.3,absolute,727.1943950653076,102019.75092136918,3375.5330061912537,0.010526491,0.006981852,1134.8073,1134.7898,0.2224 ± 0.0548,0.2222 ± 0.0549,11.5893 ± 2.7628,0.0625 ± 0.2421,-14016.3594 ± 4218.1963,1000.0000 ± 0.0000,4.643752336502075,27563.91614467892,
47,True,root,100,-1,0.3,relative,779.5851099491119,156036.6041201775,2204.8444514274597,-0.011559257,-0.0015249004,0.7221581,0.7352422,0.2287 ± 0.0578,0.2284 ± 0.0579,11.5449 ± 2.8631,0.0078 ± 0.0880,9.7671 ± 13.3125,1000.0000 ± 0.0000,5.073021650314331,25231.510689899962,
48,True,full,0,0,0.1,absolute,848.8294985294342,264446.3303295379,1310.2854340076447,0.036428772,0.0006564918,2202.5955,2202.5583,0.3048 ± 0.0431,0.3088 ± 0.0874,54.5567 ± 11.8471,0.2734 ± 0.4457,-51782.7812 ± 9384.6006,1000.0000 ± 0.0000,5.543549537658691,23089.899193732213,
49,True,full,0,0,0.1,relative,784.1024355888367,157948.47753667846,2187.656677007675,0.021050753,-0.0010299154,2.320443,2.3004222,0.2924 ± 0.0430,0.2549 ± 0.0640,48.2586 ± 8.8095,0.2891 ± 0.4533,3.1000 ± 4.5446,1000.0000 ± 0.0000,5.095633506774902,25119.545946508424,
50,True,full,0,0,0.3,absolute,774.1959726810455,157494.79517450137,2186.3677377700806,0.030932853,-0.0004113613,2010.6558,2010.6254,0.3058 ± 0.0451,0.3139 ± 0.0899,55.1381 ± 12.1478,0.2891 ± 0.4533,-52170.6562 ± 9595.5771,1000.0000 ± 0.0000,5.036397218704224,25414.99298836722,
51,True,full,0,0,0.3,relative,782.8176484107971,157132.1200509775,2199.36443901062,0.020038359,-0.0007229357,3.1735308,3.1542156,0.2926 ± 0.0416,0.2586 ± 0.0631,48.6238 ± 8.9023,0.2812 ± 0.4496,2.7414 ± 4.8200,1000.0000 ± 0.0000,5.1024580001831055,25085.94877124057,
52,True,full,0,-1,0.1,absolute,773.7294867038727,158078.36225047873,2185.6961789131165,0.027833238,0.00037485728,2592.798,2592.7695,0.3025 ± 0.0426,0.3058 ± 0.0819,54.0291 ± 11.0235,0.2344 ± 0.4236,-51902.7578 ± 9272.3203,1000.0000 ± 0.0000,5.032769441604614,25433.312907572683,
53,True,full,0,-1,0.1,relative,848.2120776176453,265297.8792454175,1305.3420386314392,0.022203738,-0.00074563303,3.4265573,3.4050994,0.2915 ± 0.0428,0.2528 ± 0.0672,48.1482 ± 8.7108,0.0156 ± 0.1240,-6.0787 ± 18.6604,1000.0000 ± 0.0000,5.543928146362305,23088.32232683035,
54,True,full,0,-1,0.3,absolute,784.8540365695953,157448.82298285898,2187.234693288803,0.031367373,0.000887771,1880.1156,1880.0833,0.2957 ± 0.0405,0.2765 ± 0.0661,50.7068 ± 9.0317,0.3516 ± 0.4775,-50334.4023 ± 8462.1836,1000.0000 ± 0.0000,5.102975130081177,25083.40658872931,
55,True,full,0,-1,0.3,relative,783.3087646961212,157374.1020177598,2189.249250650406,0.018910421,-0.001095178,4.0615034,4.043688,0.2940 ± 0.0412,0.2502 ± 0.0633,47.8954 ± 8.6258,0.0078 ± 0.0880,-10.8192 ± 22.2552,1000.0000 ± 0.0000,5.090853691101074,25143.1307530497,
56,True,full,50,0,0.1,absolute,875.2983448505402,255797.72105807601,1352.275126695633,0.031200143,-0.000116079915,2068.4424,2068.4111,0.2968 ± 0.0415,0.2775 ± 0.0714,50.9033 ± 9.7511,0.2969 ± 0.4569,-50070.3164 ± 8927.2354,1000.0000 ± 0.0000,5.7143449783325195,22399.767687345888,
57,True,full,50,0,0.1,relative,777.9015471935272,157005.8450401153,2195.8140988349915,0.020847922,-0.0012346089,2.5743456,2.5547323,0.2930 ± 0.0412,0.2536 ± 0.0671,48.3296 ± 8.6207,0.2656 ± 0.4417,3.0289 ± 4.6058,1000.0000 ± 0.0000,5.0558390617370605,25317.261573595737,
58,True,full,50,0,0.3,absolute,784.1619694232941,156576.27635285232,2202.329766511917,0.032404076,-0.00029580292,1747.4938,1747.4617,0.2961 ± 0.0431,0.2772 ± 0.0698,50.7838 ± 9.5537,0.3281 ± 0.4695,-50106.7305 ± 8855.3623,1000.0000 ± 0.0000,5.096873044967651,25113.4369780663,
59,True,full,50,0,0.3,relative,784.87597489357,156102.32183754703,2206.1041865348816,0.022781255,-0.00043480832,3.0274112,3.0050647,0.2922 ± 0.0427,0.2586 ± 0.0657,48.4911 ± 8.9360,0.2656 ± 0.4417,2.8741 ± 4.8730,1000.0000 ± 0.0000,5.1051185131073,25072.875325296034,
60,True,full,50,-1,0.1,absolute,874.3093719482422,255757.91983605083,1354.1729657649994,0.0330578,-0.0015758222,1751.5344,1751.5028,0.2967 ± 0.0413,0.2795 ± 0.0722,51.2061 ± 9.7290,0.2734 ± 0.4457,-50380.5156 ± 8725.6787,1000.0000 ± 0.0000,5.7120361328125,22408.82183232535,
61,True,full,50,-1,0.1,relative,783.66903424263,157633.36627774747,2192.8493843078613,0.01984477,-0.00094431505,3.8472397,3.8283393,0.2924 ± 0.0412,0.2519 ± 0.0662,48.0284 ± 8.7741,0.0000 ± 0.0000,-2.0760 ± 13.6313,1000.0000 ± 0.0000,5.091883659362793,25138.044889269553,
62,True,full,50,-1,0.3,absolute,785.1031951904297,156849.64360062015,2195.0667536258698,0.03381873,5.977162e-06,1375.1002,1375.0665,0.2966 ± 0.0413,0.2801 ± 0.0704,51.0145 ± 9.6958,0.3672 ± 0.4820,-50628.1094 ± 8948.7227,1000.0000 ± 0.0000,5.106010437011719,25068.49556596514,
63,True,full,50,-1,0.3,relative,775.4701995849609,156810.79961827115,2194.918607234955,0.019334495,-0.0013223885,3.7671063,3.7490945,0.2906 ± 0.0425,0.2549 ± 0.0697,48.5270 ± 9.2256,0.0078 ± 0.0880,-9.3649 ± 21.1583,1000.0000 ± 0.0000,5.0481321811676025,25355.91292112212,
64,True,full,100,0,0.1,absolute,777.4087436199188,158029.634675732,2181.5368723869324,0.044057433,-0.00019079793,1206.4412,1206.3973,0.2972 ± 0.0424,0.2894 ± 0.0755,52.1647 ± 10.2564,0.2578 ± 0.4374,-50780.9297 ± 8916.0830,1000.0000 ± 0.0000,5.059197664260864,25300.45443850047,
65,True,full,100,0,0.1,relative,784.0844612121582,156459.30175731995,2208.6341273784637,0.023769375,-0.0009947695,2.6943045,2.67153,0.2915 ± 0.0414,0.2634 ± 0.0664,48.9897 ± 9.1244,0.2656 ± 0.4417,2.3689 ± 4.9738,1000.0000 ± 0.0000,5.0978944301605225,25108.405392374814,
66,True,full,100,0,0.3,absolute,780.3672976493835,157100.77789285476,2196.8328099250793,0.034322597,-0.00020112262,2705.7097,2705.6755,0.3038 ± 0.0421,0.3079 ± 0.0869,54.4306 ± 11.5861,0.3203 ± 0.4666,-51954.8281 ± 9400.3057,1000.0000 ± 0.0000,5.075315237045288,25220.108312822387,
67,True,full,100,0,0.3,relative,782.788815498352,157098.52553661627,2192.935465812683,0.02333241,-0.00078565336,2.880283,2.8577363,0.2880 ± 0.0419,0.2561 ± 0.0660,48.2386 ± 9.0217,0.2734 ± 0.4457,3.1266 ± 4.7221,1000.0000 ± 0.0000,5.092533111572266,25134.83902718923,
68,True,full,100,-1,0.1,absolute,777.7430791854858,156585.2187141464,2197.6733813285828,0.031469412,-6.175813e-05,1618.6547,1618.6232,0.3003 ± 0.0417,0.2925 ± 0.0772,52.6471 ± 10.3943,0.2656 ± 0.4417,-51334.3672 ± 8957.5986,1000.0000 ± 0.0000,5.062806606292725,25282.41940762752,
69,True,full,100,-1,0.1,relative,852.3429329395294,262450.9590150223,1317.386043548584,0.02336246,-0.00017064858,3.8203187,3.7971268,0.2903 ± 0.0425,0.2524 ± 0.0656,48.1492 ± 8.8611,0.0078 ± 0.0880,-6.7750 ± 20.5576,1000.0000 ± 0.0000,5.55330491065979,23049.33765734687,
70,True,full,100,-1,0.3,absolute,783.7392172813416,156757.89242909566,2192.5365450382233,0.028760701,-0.0006287911,2026.5707,2026.5425,0.2989 ± 0.0419,0.2885 ± 0.0704,52.1864 ± 9.6092,0.2969 ± 0.4569,-50980.9141 ± 8571.8232,1000.0000 ± 0.0000,5.095519542694092,25120.107758888924,
71,True,full,100,-1,0.3,relative,770.9123713970184,157005.4427658026,2191.417893409729,0.020306129,-0.0012994367,3.929227,3.9102201,0.2922 ± 0.0407,0.2576 ± 0.0652,48.8282 ± 8.7971,0.0156 ± 0.1240,-6.9786 ± 19.8781,1000.0000 ± 0.0000,5.014925003051758,25523.8114073705,
72,False,full,0,0,0.1,absolute,784.9040818214417,159826.6298304635,2158.5334520339966,0.04945071,0.0024994588,1932.7847,1932.7328,0.2942 ± 0.0429,0.2504 ± 0.0653,42.5056 ± 7.6045,0.2344 ± 0.4236,-42785.4961 ± 7727.4072,1000.0000 ± 0.0000,5.109088659286499,25053.391815258812,
73,False,full,0,0,0.1,relative,779.4010870456696,160579.58949309972,2148.315949678421,0.026183398,-0.0006074742,5.6003537,5.574778,0.2990 ± 0.0462,0.2475 ± 0.0657,42.8468 ± 7.9315,0.2891 ± 0.4533,1.9854 ± 2.7638,1000.0000 ± 0.0000,5.0741047859191895,25226.124686112962,
74,False,full,0,0,0.3,absolute,780.9955229759216,160139.1064786356,2151.181915998459,0.043899972,0.0016554114,1775.3486,1775.3031,0.2966 ± 0.0472,0.2459 ± 0.0675,42.6844 ± 8.0850,0.3047 ± 0.4603,-42754.0859 ± 7636.2681,1000.0000 ± 0.0000,5.07948899269104,25199.385250008672,
75,False,full,0,0,0.3,relative,783.3257915973663,159745.34634923778,2155.8805453777313,0.02805038,-0.0007590166,5.3709307,5.343639,0.2957 ± 0.0466,0.2422 ± 0.0677,42.0794 ± 7.7106,0.2188 ± 0.4134,2.7528 ± 3.2350,1000.0000 ± 0.0000,5.098550081253052,25105.17656198876,
76,False,full,0,-1,0.1,absolute,779.9572265148163,160321.67001367031,2150.000952243805,0.04889274,0.007406384,1553.6638,1553.6075,0.2979 ± 0.0435,0.2546 ± 0.0659,43.1472 ± 7.5695,0.2734 ± 0.4457,-43318.1484 ± 7681.3906,1000.0000 ± 0.0000,5.073692321777344,25228.17543558906,
77,False,full,0,-1,0.1,relative,781.6297249794006,161189.7792731366,2139.0425610542297,0.027880628,-0.0009704689,7.4921174,7.465207,0.2966 ± 0.0474,0.2432 ± 0.0649,42.4899 ± 7.6841,0.0156 ± 0.1240,-8.0952 ± 21.0568,1000.0000 ± 0.0000,5.093490362167358,25130.11528415537,
78,False,full,0,-1,0.3,absolute,699.3758001327515,106906.72320753192,3233.2472834587097,0.049060438,0.0005599428,1633.9218,1633.8722,0.2981 ± 0.0425,0.2490 ± 0.0650,42.8773 ± 7.7755,0.1641 ± 0.3703,-42963.2891 ± 7746.6074,1000.0000 ± 0.0000,4.461828708648682,28687.78887721271,
79,False,full,0,-1,0.3,relative,716.8898577690125,104860.89038896211,3275.6862058639526,0.027280968,-0.0005074643,7.590523,7.5637493,0.2924 ± 0.0463,0.2387 ± 0.0648,41.9447 ± 7.6912,0.0078 ± 0.0880,-6.1203 ± 19.7777,1000.0000 ± 0.0000,4.567953586578369,28021.300473825206,
80,False,full,50,0,0.1,absolute,868.9954092502594,261745.95531811687,1323.7538561820984,0.04532655,0.00094290887,1696.0963,1696.05,0.2978 ± 0.0427,0.2531 ± 0.0675,43.1165 ± 7.8952,0.2969 ± 0.4569,-42978.4609 ± 7847.8647,1000.0000 ± 0.0000,5.683543682098389,22521.16059267127,
81,False,full,50,0,0.1,relative,776.2327537536621,160000.58844901973,2147.0662157535553,0.030326815,-0.0006124377,4.711962,4.682248,0.2972 ± 0.0456,0.2529 ± 0.0666,42.6812 ± 7.8958,0.2500 ± 0.4330,2.1510 ± 2.6267,1000.0000 ± 0.0000,5.043126583099365,25381.08014757281,
84,False,full,50,-1,0.1,absolute,775.7414126396179,161702.6891536097,2132.4419944286346,0.04747287,0.00049973186,1644.0735,1644.0255,0.2969 ± 0.0441,0.2443 ± 0.0627,42.4586 ± 7.5796,0.2188 ± 0.4134,-42727.1172 ± 7585.4033,1000.0000 ± 0.0000,5.041820526123047,25387.654982321783,
85,False,full,50,-1,0.1,relative,844.6693017482758,266352.6437251559,1299.259600162506,0.024482481,-0.00075947336,7.5517015,7.5279784,0.2968 ± 0.0486,0.2425 ± 0.0700,42.4192 ± 7.9898,0.0156 ± 0.1240,-10.6026 ± 23.3526,1000.0000 ± 0.0000,5.502742290496826,23261.12931384313,
86,False,full,50,-1,0.3,absolute,778.962030172348,160113.00699652635,2153.5332930088043,0.04314433,0.0005472123,1593.4257,1593.3821,0.3002 ± 0.0441,0.2508 ± 0.0668,43.0506 ± 8.0302,0.2188 ± 0.4134,-43216.4180 ± 7983.6030,1000.0000 ± 0.0000,5.0674943923950195,25259.031404572335,
87,False,full,50,-1,0.3,relative,867.9129745960236,262040.62649453332,1320.7690017223358,0.029189205,-0.00050816167,7.3200607,7.2913795,0.2974 ± 0.0477,0.2408 ± 0.0638,42.1841 ± 7.7678,0.0000 ± 0.0000,-4.9378 ± 17.7337,1000.0000 ± 0.0000,5.6709747314453125,22571.075707716605,
92,False,full,100,-1,0.1,absolute,784.4993133544922,160007.7280728718,2148.687032222748,0.04821034,0.0025382824,1664.3948,1664.344,0.2990 ± 0.0456,0.2517 ± 0.0693,43.1785 ± 8.0300,0.2109 ± 0.4080,-43177.4414 ± 7732.4263,1000.0000 ± 0.0000,5.1066038608551025,25065.58242772455,
93,False,full,100,-1,0.1,relative,782.5300137996674,160104.30461893152,2145.4756553173065,0.025147593,-0.0004707838,7.48899,7.4643135,0.2985 ± 0.0460,0.2473 ± 0.0679,42.8777 ± 7.9079,0.0234 ± 0.1513,-10.2954 ± 23.0232,1000.0000 ± 0.0000,5.101576805114746,25090.281865730136,
94,False,full,100,-1,0.3,absolute,769.477353811264,161447.83033846458,2136.49276638031,0.050546695,0.0024632472,1539.8834,1539.8304,0.2985 ± 0.0443,0.2453 ± 0.0693,42.7179 ± 7.9978,0.1875 ± 0.3903,-43043.7344 ± 7820.7310,1000.0000 ± 0.0000,5.00289511680603,25585.185579848476,
95,False,full,100,-1,0.3,relative,789.0423212051392,159041.95113929163,2162.9786455631256,0.029845648,-0.00043781748,6.7386227,6.7092147,0.2958 ± 0.0447,0.2440 ± 0.0672,42.1838 ± 7.9509,0.0234 ± 0.1513,-8.3750 ± 22.0718,1000.0000 ± 0.0000,5.1396379470825195,24904.4779647676,
96,True,root,0,0,0.1,absolute,724.4726598262787,96469.54303583324,3574.069849729538,-0.019430527,-0.0024860927,2885.3596,2885.3813,0.2242 ± 0.0581,0.2239 ± 0.0582,27.5408 ± 8.6803,0.1484 ± 0.3555,-26418.1816 ± 6918.5410,1000.0000 ± 0.0000,4.661402463912964,27459.54699061788,True
97,True,root,0,0,0.1,relative,791.4126572608948,157005.60418773143,2199.013852596283,-0.0196709,-0.003471109,1.3708414,1.3939834,0.2729 ± 0.0668,0.2727 ± 0.0670,27.0882 ± 8.7205,0.1484 ± 0.3555,-1.8565 ± 6.5088,1000.0000 ± 0.0000,5.1502299308776855,24853.259314227675,True
98,True,root,0,0,0.3,absolute,775.3950607776642,158639.27502644804,2179.4738817214966,-0.021324772,-0.0021092042,2608.5898,2608.6133,0.2811 ± 0.0698,0.2808 ± 0.0699,25.9738 ± 8.1504,0.1953 ± 0.3964,-25600.8477 ± 7026.1411,1000.0000 ± 0.0000,5.040440320968628,25394.606790107195,True
99,True,root,0,0,0.3,relative,788.2713694572449,157226.92050130418,2195.138188123703,-0.02288311,-0.003350027,1.4948052,1.5210384,0.2719 ± 0.0678,0.2717 ± 0.0678,28.0275 ± 9.5252,0.1328 ± 0.3394,-2.7802 ± 7.1321,1000.0000 ± 0.0000,5.121160984039307,24994.332417771453,True
100,True,root,0,-1,0.1,absolute,851.0830173492432,264817.5560843004,1308.789704799652,-0.020423789,-0.0028369261,2547.6853,2547.7087,0.2784 ± 0.0677,0.2781 ± 0.0678,26.9527 ± 8.7196,0.1562 ± 0.3631,-26160.5254 ± 7228.7456,1000.0000 ± 0.0000,5.542111396789551,23095.89086826154,True
101,True,root,0,-1,0.1,relative,854.1276261806488,263538.1177458532,1312.481446504593,-0.031696457,-0.0034345232,2.4264827,2.461614,0.2844 ± 0.0682,0.2842 ± 0.0683,26.7884 ± 8.0892,0.0078 ± 0.0880,-4.9395 ± 9.5845,1000.0000 ± 0.0000,5.579134702682495,22942.62584096715,True
102,True,root,0,-1,0.3,absolute,773.2649645805359,158144.9509757275,2177.2290003299713,-0.022835065,-0.0024892553,3027.9753,3028.0007,0.2814 ± 0.0708,0.2811 ± 0.0709,26.5474 ± 8.4561,0.1875 ± 0.3903,-26202.0586 ± 7334.1421,1000.0000 ± 0.0000,5.023858547210693,25478.4243619015,True
103,True,root,0,-1,0.3,relative,788.9456324577332,157312.8807432626,2189.0441846847534,-0.030453192,-0.0029791992,2.1986532,2.2320855,0.2851 ± 0.0723,0.2849 ± 0.0723,27.4382 ± 8.4355,0.0078 ± 0.0880,-5.9254 ± 8.9811,1000.0000 ± 0.0000,5.130461692810059,24949.02167954631,True
104,True,root,50,0,0.1,absolute,777.4878273010254,158110.84667500996,2182.9664232730865,-0.01799872,-0.0011107937,2388.2478,2388.2668,0.2787 ± 0.0703,0.2785 ± 0.0704,25.7231 ± 7.6216,0.1797 ± 0.3839,-25584.4531 ± 6718.2290,1000.0000 ± 0.0000,5.049808979034424,25347.493446073862,True
105,True,root,50,0,0.1,relative,782.906976222992,156941.54320250655,2193.2642817497253,-0.02327891,-0.0035141788,1.4536607,1.4804538,0.2734 ± 0.0685,0.2731 ± 0.0686,28.0000 ± 7.5585,0.1719 ± 0.3773,-2.7684 ± 6.1958,1000.0000 ± 0.0000,5.087429761886597,25160.052519827444,True
106,True,root,50,0,0.3,absolute,785.0682082176208,157442.89154594883,2192.3653383255005,-0.018323239,-0.003880137,2203.7085,2203.7305,0.2795 ± 0.0690,0.2792 ± 0.0691,26.2738 ± 8.4560,0.1562 ± 0.3631,-25562.1934 ± 6914.1870,1000.0000 ± 0.0000,5.111324787139893,25042.431332489057,True
107,True,root,50,0,0.3,relative,781.2791156768799,158309.60790610206,2173.4175567626953,-0.026735177,-0.003854175,1.6399114,1.670501,0.2735 ± 0.0679,0.2733 ± 0.0680,27.0554 ± 8.3047,0.1875 ± 0.3903,-1.8082 ± 7.2632,1000.0000 ± 0.0000,5.0784173011779785,25204.703042089393,True
108,True,root,50,-1,0.1,absolute,773.7902278900146,158316.2691551095,2178.474655151367,-0.021754744,-0.0027982558,2720.2668,2720.291,0.2799 ± 0.0712,0.2796 ± 0.0713,27.4311 ± 8.9801,0.1406 ± 0.3476,-26336.3574 ± 7280.2036,1000.0000 ± 0.0000,5.0281665325164795,25456.59519672651,True
109,True,root,50,-1,0.1,relative,785.7982926368713,158585.85112003595,2176.7809343338013,-0.031836383,-0.0031138288,2.161757,2.1967072,0.2853 ± 0.0726,0.2851 ± 0.0727,27.6136 ± 8.2524,0.0078 ± 0.0880,-7.9444 ± 11.1598,1000.0000 ± 0.0000,5.109334707260132,25052.185330140503,True
110,True,root,50,-1,0.3,absolute,780.1683413982391,158876.45809811237,2171.913480758667,-0.01952057,-0.003625245,2279.9482,2279.9714,0.2777 ± 0.0708,0.2774 ± 0.0709,26.8748 ± 8.7980,0.1328 ± 0.3394,-26069.2109 ± 7043.9858,1000.0000 ± 0.0000,5.065474271774292,25269.104753574284,True
111,True,root,50,-1,0.3,relative,780.3117372989655,157582.00365746082,2184.498177051544,-0.032021172,-0.003275499,2.377345,2.4126415,0.2817 ± 0.0684,0.2814 ± 0.0685,27.0497 ± 8.9999,0.0000 ± 0.0000,-6.7478 ± 11.2528,1000.0000 ± 0.0000,5.083995342254639,25177.049029953447,True
112,True,root,100,0,0.1,absolute,786.9066233634949,157077.20061702185,2194.8665437698364,-0.019563073,-0.0033289471,2200.6453,2200.668,0.2792 ± 0.0701,0.2789 ± 0.0702,27.0572 ± 8.3512,0.1641 ± 0.3703,-26218.0488 ± 7204.4917,1000.0000 ± 0.0000,5.111254453659058,25042.775929178606,True
113,True,root,100,0,0.1,relative,789.2640697956085,156923.79814527798,2196.4289054870605,-0.024834877,-0.004010878,1.551722,1.5805678,0.2734 ± 0.0665,0.2731 ± 0.0666,27.1714 ± 8.5120,0.1719 ± 0.3773,-1.9397 ± 6.4700,1000.0000 ± 0.0000,5.129837989807129,24952.055065741468,True
114,True,root,100,0,0.3,absolute,781.141898393631,157764.34995806197,2186.328459739685,-0.017684724,-0.0035822273,2676.7375,2676.7588,0.2773 ± 0.0719,0.2771 ± 0.0720,27.1824 ± 8.8870,0.1797 ± 0.3839,-25959.6602 ± 7083.8945,1000.0000 ± 0.0000,5.077642440795898,25208.54934006274,True
115,True,root,100,0,0.3,relative,784.4975504875183,158447.33902344687,2178.5840590000153,-0.026977455,-0.003151581,1.671801,1.7019299,0.2755 ± 0.0692,0.2753 ± 0.0693,27.7807 ± 8.7509,0.2266 ± 0.4186,-2.5335 ± 6.3766,1000.0000 ± 0.0000,5.102843523025513,25084.05351299267,True
116,True,root,100,-1,0.1,absolute,1253.4101626873016,145834.5395814762,2226.3202199935913,-0.018559989,-0.0029637862,2536.0547,2536.0767,0.2779 ± 0.0690,0.2776 ± 0.0691,26.8902 ± 8.5416,0.1250 ± 0.3307,-26145.9766 ± 7388.9326,1000.0000 ± 0.0000,8.08468770980835,15832.398800600584,True
117,True,root,100,-1,0.1,relative,876.7051668167114,258945.1104760228,1335.7414047718048,-0.03247764,-0.0032043797,2.3207753,2.3564575,0.2792 ± 0.0670,0.2789 ± 0.0672,27.2407 ± 8.3627,0.0078 ± 0.0880,-6.0793 ± 10.5484,1000.0000 ± 0.0000,5.720493316650391,22375.69260459338,True
118,True,root,100,-1,0.3,absolute,788.6593976020813,156992.765775447,2194.7809290885925,-0.019493546,-0.002753333,2535.2441,2535.2668,0.2791 ± 0.0692,0.2788 ± 0.0693,26.8831 ± 8.6128,0.1016 ± 0.3021,-26287.6738 ± 7185.3530,1000.0000 ± 0.0000,5.1222264766693115,24989.133257385958,True
119,True,root,100,-1,0.3,relative,788.1573750972748,156699.60736096994,2199.112987756729,-0.033473175,-0.0029834735,2.2951841,2.3316407,0.2831 ± 0.0701,0.2829 ± 0.0702,26.5320 ± 7.8773,0.0000 ± 0.0000,-5.7535 ± 9.4957,1000.0000 ± 0.0000,5.131690979003906,24943.045191868823,True
120,True,,0,-1,0.1,absolute,781.0205459594727,72158.1832031979,4762.487179756165,0.022382064,-0.0007777387,1487.1803,1487.1587,0.0153 ± 0.0127,0.0129 ± 0.0125,1.7618 ± 1.2878,0.0625 ± 0.2421,-2305.9844 ± 3261.7842,261.0312 ± 374.0307,5.106952905654907,25063.869270904408,
121,True,root,0,-1,0.1,absolute,785.1489956378937,131103.42003007274,2626.9671533107758,-0.0014621944,-0.00066624983,1060.219,1060.2212,0.2250 ± 0.0546,0.2247 ± 0.0547,11.5172 ± 2.6537,0.0547 ± 0.2274,-13272.0889 ± 3176.2600,1000.0000 ± 0.0000,5.131021738052368,24946.29852193653,
122,True,full,0,-1,0.1,absolute,774.723747253418,132146.8388130616,2613.8228709697723,0.04102713,-0.004583738,1457.9558,1457.9194,0.3082 ± 0.0441,0.3286 ± 0.0916,56.7119 ± 12.7695,0.2188 ± 0.4134,-53240.5312 ± 9685.7627,1000.0000 ± 0.0000,5.040797233581543,25392.80873018861,
123,False,full,0,-1,0.1,absolute,773.4557888507843,134630.36217155805,2557.103009700775,0.033880025,-0.0012838048,2047.7443,2047.7115,0.2938 ± 0.0459,0.2378 ± 0.0660,41.5878 ± 7.6512,0.1328 ± 0.3394,-42047.5977 ± 7394.6528,1000.0000 ± 0.0000,5.033255577087402,25430.85643866109,
